unsigned char g_magic_wand_model_data[] = {
  0x1c, 0x00, 0x00, 0x00, 0x54, 0x46, 0x4c, 0x33, 0x14, 0x00, 0x20, 0x00,
  0x1c, 0x00, 0x18, 0x00, 0x14, 0x00, 0x10, 0x00, 0x0c, 0x00, 0x00, 0x00,
  0x08, 0x00, 0x04, 0x00, 0x14, 0x00, 0x00, 0x00, 0x1c, 0x00, 0x00, 0x00,
  0x8c, 0x00, 0x00, 0x00, 0xe4, 0x00, 0x00, 0x00, 0x78, 0x27, 0x00, 0x00,
  0x88, 0x27, 0x00, 0x00, 0x50, 0x4f, 0x00, 0x00, 0x03, 0x00, 0x00, 0x00,
  0x01, 0x00, 0x00, 0x00, 0x04, 0x00, 0x00, 0x00, 0x66, 0xd6, 0xff, 0xff,
  0x0c, 0x00, 0x00, 0x00, 0x1c, 0x00, 0x00, 0x00, 0x3c, 0x00, 0x00, 0x00,
  0x0f, 0x00, 0x00, 0x00, 0x73, 0x65, 0x72, 0x76, 0x69, 0x6e, 0x67, 0x5f,
  0x64, 0x65, 0x66, 0x61, 0x75, 0x6c, 0x74, 0x00, 0x01, 0x00, 0x00, 0x00,
  0x04, 0x00, 0x00, 0x00, 0x90, 0xff, 0xff, 0xff, 0x2c, 0x00, 0x00, 0x00,
  0x04, 0x00, 0x00, 0x00, 0x08, 0x00, 0x00, 0x00, 0x6f, 0x75, 0x74, 0x70,
  0x75, 0x74, 0x5f, 0x30, 0x00, 0x00, 0x00, 0x00, 0x01, 0x00, 0x00, 0x00,
  0x04, 0x00, 0x00, 0x00, 0xd6, 0xd3, 0xff, 0xff, 0x04, 0x00, 0x00, 0x00,
  0x0d, 0x00, 0x00, 0x00, 0x69, 0x6e, 0x70, 0x75, 0x74, 0x5f, 0x6c, 0x61,
  0x79, 0x65, 0x72, 0x5f, 0x37, 0x00, 0x00, 0x00, 0x02, 0x00, 0x00, 0x00,
  0x34, 0x00, 0x00, 0x00, 0x04, 0x00, 0x00, 0x00, 0xdc, 0xff, 0xff, 0xff,
  0x2f, 0x00, 0x00, 0x00, 0x04, 0x00, 0x00, 0x00, 0x13, 0x00, 0x00, 0x00,
  0x43, 0x4f, 0x4e, 0x56, 0x45, 0x52, 0x53, 0x49, 0x4f, 0x4e, 0x5f, 0x4d,
  0x45, 0x54, 0x41, 0x44, 0x41, 0x54, 0x41, 0x00, 0x08, 0x00, 0x0c, 0x00,
  0x08, 0x00, 0x04, 0x00, 0x08, 0x00, 0x00, 0x00, 0x2e, 0x00, 0x00, 0x00,
  0x04, 0x00, 0x00, 0x00, 0x13, 0x00, 0x00, 0x00, 0x6d, 0x69, 0x6e, 0x5f,
  0x72, 0x75, 0x6e, 0x74, 0x69, 0x6d, 0x65, 0x5f, 0x76, 0x65, 0x72, 0x73,
  0x69, 0x6f, 0x6e, 0x00, 0x30, 0x00, 0x00, 0x00, 0x90, 0x26, 0x00, 0x00,
  0x88, 0x26, 0x00, 0x00, 0x70, 0x26, 0x00, 0x00, 0x34, 0x26, 0x00, 0x00,
  0xc4, 0x24, 0x00, 0x00, 0x34, 0x24, 0x00, 0x00, 0x24, 0x21, 0x00, 0x00,
  0xb4, 0x20, 0x00, 0x00, 0x14, 0x20, 0x00, 0x00, 0xec, 0x1f, 0x00, 0x00,
  0x4c, 0x1f, 0x00, 0x00, 0x24, 0x1f, 0x00, 0x00, 0xfc, 0x1e, 0x00, 0x00,
  0x2c, 0x0c, 0x00, 0x00, 0xec, 0x0b, 0x00, 0x00, 0xe4, 0x0b, 0x00, 0x00,
  0x14, 0x05, 0x00, 0x00, 0xf4, 0x04, 0x00, 0x00, 0xd4, 0x04, 0x00, 0x00,
  0x6c, 0x02, 0x00, 0x00, 0x3c, 0x02, 0x00, 0x00, 0x34, 0x02, 0x00, 0x00,
  0x4c, 0x01, 0x00, 0x00, 0x44, 0x01, 0x00, 0x00, 0x3c, 0x01, 0x00, 0x00,
  0x34, 0x01, 0x00, 0x00, 0x2c, 0x01, 0x00, 0x00, 0x24, 0x01, 0x00, 0x00,
  0x1c, 0x01, 0x00, 0x00, 0x14, 0x01, 0x00, 0x00, 0x0c, 0x01, 0x00, 0x00,
  0x04, 0x01, 0x00, 0x00, 0xfc, 0x00, 0x00, 0x00, 0xf4, 0x00, 0x00, 0x00,
  0xec, 0x00, 0x00, 0x00, 0xe4, 0x00, 0x00, 0x00, 0xdc, 0x00, 0x00, 0x00,
  0xd4, 0x00, 0x00, 0x00, 0xcc, 0x00, 0x00, 0x00, 0xc4, 0x00, 0x00, 0x00,
  0xbc, 0x00, 0x00, 0x00, 0xb4, 0x00, 0x00, 0x00, 0xac, 0x00, 0x00, 0x00,
  0xa4, 0x00, 0x00, 0x00, 0x9c, 0x00, 0x00, 0x00, 0x94, 0x00, 0x00, 0x00,
  0x74, 0x00, 0x00, 0x00, 0x04, 0x00, 0x00, 0x00, 0x12, 0xd5, 0xff, 0xff,
  0x04, 0x00, 0x00, 0x00, 0x60, 0x00, 0x00, 0x00, 0x0c, 0x00, 0x00, 0x00,
  0x08, 0x00, 0x0e, 0x00, 0x08, 0x00, 0x04, 0x00, 0x08, 0x00, 0x00, 0x00,
  0x10, 0x00, 0x00, 0x00, 0x28, 0x00, 0x00, 0x00, 0x00, 0x00, 0x06, 0x00,
  0x08, 0x00, 0x04, 0x00, 0x06, 0x00, 0x00, 0x00, 0x04, 0x00, 0x00, 0x00,
  0x01, 0x00, 0x00, 0x00, 0xeb, 0x03, 0x00, 0x00, 0x0c, 0x00, 0x18, 0x00,
  0x14, 0x00, 0x10, 0x00, 0x0c, 0x00, 0x04, 0x00, 0x0c, 0x00, 0x00, 0x00,
  0x68, 0x6a, 0x16, 0x9d, 0x0b, 0x9d, 0x29, 0xfb, 0x02, 0x00, 0x00, 0x00,
  0x02, 0x00, 0x00, 0x00, 0x04, 0x00, 0x00, 0x00, 0x06, 0x00, 0x00, 0x00,
  0x32, 0x2e, 0x32, 0x30, 0x2e, 0x30, 0x00, 0x00, 0x7e, 0xd5, 0xff, 0xff,
  0x04, 0x00, 0x00, 0x00, 0x10, 0x00, 0x00, 0x00, 0x31, 0x2e, 0x31, 0x34,
  0x2e, 0x30, 0x00, 0x00, 0x00, 0x00, 0x00, 0x00, 0x00, 0x00, 0x00, 0x00,
  0xac, 0xb3, 0xff, 0xff, 0xb0, 0xb3, 0xff, 0xff, 0xb4, 0xb3, 0xff, 0xff,
  0xb8, 0xb3, 0xff, 0xff, 0xbc, 0xb3, 0xff, 0xff, 0xc0, 0xb3, 0xff, 0xff,
  0xc4, 0xb3, 0xff, 0xff, 0xc8, 0xb3, 0xff, 0xff, 0xcc, 0xb3, 0xff, 0xff,
  0xd0, 0xb3, 0xff, 0xff, 0xd4, 0xb3, 0xff, 0xff, 0xd8, 0xb3, 0xff, 0xff,
  0xdc, 0xb3, 0xff, 0xff, 0xe0, 0xb3, 0xff, 0xff, 0xe4, 0xb3, 0xff, 0xff,
  0xe8, 0xb3, 0xff, 0xff, 0xec, 0xb3, 0xff, 0xff, 0xf0, 0xb3, 0xff, 0xff,
  0xf4, 0xb3, 0xff, 0xff, 0xf8, 0xb3, 0xff, 0xff, 0xfc, 0xb3, 0xff, 0xff,
  0x00, 0xb4, 0xff, 0xff, 0x04, 0xb4, 0xff, 0xff, 0xf6, 0xd5, 0xff, 0xff,
  0x04, 0x00, 0x00, 0x00, 0xd8, 0x00, 0x00, 0x00, 0xa1, 0xe3, 0x2c, 0x94,
  0x32, 0x0f, 0x97, 0x32, 0xda, 0xdb, 0xb3, 0x1d, 0xad, 0xf9, 0xc9, 0x81,
  0x3b, 0xaf, 0xf9, 0xae, 0xd9, 0xcc, 0x91, 0xab, 0x0c, 0xd4, 0x0d, 0x26,
  0x48, 0xfd, 0xe5, 0xe0, 0xed, 0x2a, 0xd5, 0x81, 0x88, 0xa3, 0x85, 0x98,
  0x94, 0xca, 0x71, 0xd0, 0x1b, 0x1e, 0xfc, 0xfe, 0x18, 0x14, 0x0e, 0xd6,
  0x09, 0xfe, 0xc7, 0x18, 0xad, 0xfd, 0x02, 0xdf, 0x13, 0xfb, 0x25, 0xc6,
  0x0e, 0xcf, 0xf6, 0x25, 0xd6, 0x34, 0xcd, 0x31, 0x81, 0x0d, 0xdf, 0xc2,
  0xff, 0xf8, 0x12, 0xdf, 0x1c, 0xfa, 0x02, 0x0e, 0xee, 0x39, 0x0a, 0x4a,
  0xef, 0xd8, 0x81, 0x3c, 0x0b, 0x0f, 0xf1, 0x09, 0x13, 0x20, 0x84, 0xdf,
  0x05, 0x0d, 0x82, 0x2d, 0x24, 0x47, 0xe9, 0x8d, 0xec, 0x1c, 0xe0, 0xdb,
  0x05, 0x22, 0xfb, 0x07, 0x02, 0xf6, 0xf2, 0x8d, 0xe3, 0xf1, 0xfe, 0xf7,
  0x04, 0xf5, 0xe0, 0x35, 0x81, 0xae, 0x01, 0x1b, 0x0e, 0x07, 0xe9, 0xf0,
  0x1c, 0xd0, 0x11, 0xe2, 0x18, 0xe7, 0xbb, 0x10, 0xdd, 0x21, 0xdd, 0x14,
  0xe8, 0xad, 0xef, 0xc4, 0xbf, 0xc4, 0x2d, 0xcf, 0xef, 0x01, 0xfa, 0x81,
  0xe6, 0xb3, 0x07, 0xfa, 0x21, 0xfa, 0x01, 0xfe, 0x15, 0xf9, 0x14, 0x01,
  0xf4, 0x20, 0x04, 0xdf, 0xe7, 0xf0, 0x11, 0xb6, 0x0d, 0xfd, 0x11, 0xe2,
  0xe5, 0xc9, 0xd6, 0x28, 0x81, 0x13, 0xfc, 0x11, 0x3a, 0xfd, 0x0f, 0xfe,
  0xd5, 0xf9, 0xe3, 0x24, 0x81, 0x05, 0x0c, 0xc6, 0xc4, 0xd8, 0xe9, 0x06,
  0x05, 0xc9, 0xc1, 0xfc, 0xf8, 0xeb, 0x02, 0x2c, 0xec, 0xb4, 0xff, 0xff,
  0xde, 0xd6, 0xff, 0xff, 0x04, 0x00, 0x00, 0x00, 0x20, 0x00, 0x00, 0x00,
  0x00, 0x00, 0x00, 0x00, 0x00, 0x00, 0x00, 0x00, 0x00, 0x00, 0x00, 0x00,
  0x00, 0x00, 0x00, 0x00, 0x00, 0x00, 0x00, 0x00, 0x00, 0x00, 0x00, 0x00,
  0x00, 0x00, 0x00, 0x00, 0x00, 0x00, 0x00, 0x00, 0x0a, 0xd7, 0xff, 0xff,
  0x04, 0x00, 0x00, 0x00, 0x58, 0x02, 0x00, 0x00, 0xe1, 0x12, 0xec, 0xf7,
  0xf9, 0x02, 0xf0, 0xff, 0x00, 0xf0, 0x0b, 0xf7, 0x01, 0x04, 0xdd, 0x01,
  0x00, 0x00, 0xe7, 0x1b, 0xf0, 0xc2, 0x10, 0xd7, 0xc3, 0x0d, 0xe2, 0xfa,
  0x0b, 0xd4, 0xf8, 0x0d, 0xfa, 0x07, 0xf2, 0xda, 0xe3, 0xfe, 0xde, 0xde,
  0x0c, 0xcf, 0xf6, 0x06, 0xdc, 0xfd, 0x0e, 0xfa, 0x11, 0xd9, 0x19, 0xe7,
  0xe1, 0xf3, 0xff, 0x03, 0xee, 0xce, 0x04, 0xd9, 0x02, 0x07, 0x04, 0x07,
  0xf3, 0x1a, 0x12, 0xcf, 0xc2, 0x28, 0xed, 0xe2, 0x81, 0xf9, 0x12, 0x55,
  0x39, 0xf5, 0xfb, 0xf2, 0x27, 0x71, 0xc5, 0x61, 0x34, 0x08, 0x3f, 0xed,
  0xd4, 0x28, 0x37, 0xf9, 0x11, 0x02, 0xfc, 0xe1, 0xa7, 0x03, 0x7a, 0x28,
  0xea, 0x21, 0x21, 0x14, 0x1f, 0x52, 0xe2, 0xef, 0x34, 0x10, 0x0d, 0xfd,
  0xec, 0x51, 0x35, 0xf5, 0x1e, 0x1b, 0x0d, 0x7b, 0x07, 0xe1, 0xa4, 0x04,
  0x49, 0xe1, 0xdf, 0xfd, 0xec, 0x0b, 0x0e, 0x23, 0x33, 0xdf, 0x49, 0x1d,
  0xfe, 0x81, 0x1b, 0xe4, 0xe4, 0x29, 0x0f, 0xbb, 0x2f, 0x02, 0x24, 0x62,
  0xf9, 0x4e, 0x0a, 0xf4, 0xfd, 0x14, 0xc9, 0x22, 0x10, 0xb6, 0x2f, 0xf8,
  0xdd, 0x23, 0x11, 0xfe, 0x1d, 0x14, 0xc7, 0xf3, 0x14, 0xbc, 0xec, 0x1c,
  0xca, 0x3d, 0x07, 0xcd, 0x0c, 0x81, 0x16, 0x34, 0x16, 0xa9, 0x07, 0x21,
  0xbc, 0x15, 0x11, 0xfc, 0x23, 0x24, 0x14, 0x1b, 0x15, 0x22, 0x41, 0xfd,
  0xc8, 0x0d, 0x18, 0xc4, 0x09, 0x03, 0xee, 0x25, 0x0b, 0x1c, 0x13, 0x14,
  0xe5, 0xd2, 0xf7, 0x0c, 0xf4, 0x23, 0xa1, 0x36, 0xd1, 0xb4, 0x06, 0xb7,
  0xb1, 0x12, 0xaa, 0xd3, 0x1d, 0xf7, 0x14, 0xdd, 0xf0, 0x10, 0xda, 0xdd,
  0xdc, 0xb8, 0xf1, 0xda, 0xd4, 0x1f, 0x01, 0xbb, 0x18, 0x0b, 0xfa, 0xff,
  0xe3, 0xfb, 0xe7, 0xdd, 0xd4, 0x17, 0xe8, 0xc8, 0x04, 0xdd, 0xb9, 0x06,
  0xd8, 0xa3, 0x29, 0xe7, 0xd3, 0x21, 0x1d, 0xe0, 0x0d, 0xfe, 0xc2, 0x26,
  0xe6, 0x14, 0x25, 0x18, 0xf1, 0xe9, 0xe5, 0xe6, 0x2b, 0x1c, 0x81, 0x18,
  0xfd, 0xc7, 0x10, 0xe6, 0xf9, 0x22, 0x20, 0xf7, 0x32, 0xfc, 0xfe, 0x1e,
  0x12, 0xd3, 0x3c, 0xf9, 0xea, 0x25, 0xf5, 0xa4, 0xf5, 0x8d, 0x15, 0xdc,
  0xc7, 0x1f, 0x27, 0xe4, 0xf8, 0xf9, 0x1c, 0xe8, 0x16, 0x08, 0xe7, 0x9d,
  0xcd, 0xf9, 0x03, 0xc9, 0x1f, 0x47, 0x4b, 0xfd, 0x25, 0x18, 0xe1, 0x2e,
  0x12, 0xe6, 0xa3, 0xb5, 0xd4, 0xf7, 0xec, 0xcb, 0x25, 0x04, 0xc9, 0x81,
  0xd8, 0xe0, 0x3b, 0xdd, 0x01, 0xb3, 0xc4, 0xca, 0x36, 0xe1, 0xcf, 0x5b,
  0xd5, 0xce, 0x28, 0xb5, 0xee, 0xc0, 0xd1, 0xf7, 0xfa, 0xbe, 0x14, 0x20,
  0x92, 0xd1, 0x22, 0xa5, 0xf4, 0x0e, 0xcc, 0x05, 0x5c, 0xde, 0xfb, 0x40,
  0x33, 0x4d, 0xdf, 0x1e, 0x02, 0x81, 0x0b, 0xfd, 0x8d, 0x06, 0x10, 0xc9,
  0x0e, 0xce, 0xe4, 0xfd, 0xc6, 0x1e, 0x1e, 0xf3, 0xed, 0x1b, 0x03, 0xc7,
  0x0d, 0x1b, 0xd2, 0x10, 0xdf, 0xc0, 0x0b, 0x54, 0x32, 0x06, 0xc9, 0x1e,
  0x28, 0x0e, 0xf1, 0x11, 0xf1, 0xba, 0x17, 0x36, 0x25, 0xf4, 0xf2, 0x15,
  0xfa, 0x2e, 0x2b, 0x11, 0xc2, 0xe5, 0x32, 0x23, 0xda, 0x0f, 0xbf, 0x55,
  0xfd, 0x08, 0x36, 0xee, 0xf0, 0x56, 0x00, 0xdf, 0x4c, 0xfa, 0xcf, 0x02,
  0x42, 0xfc, 0x2e, 0xdc, 0x6e, 0x23, 0xe7, 0xdc, 0x06, 0xe1, 0x3d, 0xe5,
  0x09, 0x0a, 0xc1, 0xd0, 0x2e, 0x22, 0xd6, 0xa9, 0xf5, 0xb9, 0xbc, 0x0a,
  0xde, 0xfc, 0x07, 0xf6, 0x3c, 0xe5, 0xcc, 0x0c, 0x4f, 0xe5, 0x11, 0x44,
  0xec, 0xed, 0x3a, 0xc2, 0x07, 0x21, 0xd2, 0xdd, 0x26, 0x81, 0xe2, 0x0b,
  0x11, 0xf5, 0xff, 0x00, 0x15, 0x47, 0xfb, 0xef, 0xe2, 0xe1, 0xfd, 0xea,
  0x9b, 0x53, 0x4f, 0xf1, 0x27, 0x20, 0xdf, 0x06, 0xea, 0xc4, 0x37, 0xd3,
  0xab, 0x03, 0xee, 0xa1, 0xad, 0xd6, 0x06, 0x93, 0xc6, 0x00, 0xc0, 0xa7,
  0x13, 0xba, 0x98, 0xfe, 0xd1, 0xf1, 0xf8, 0xc5, 0xc5, 0x1d, 0x81, 0xfb,
  0xff, 0x07, 0xbc, 0x17, 0xd3, 0xf3, 0x05, 0xe1, 0xfd, 0xef, 0xd2, 0xed,
  0x00, 0x1a, 0xdb, 0x14, 0xf4, 0x31, 0xf8, 0x1b, 0xfa, 0x10, 0x07, 0xff,
  0xf6, 0xc3, 0xbd, 0x21, 0xdf, 0x25, 0xfd, 0x16, 0xe3, 0x16, 0xfa, 0x16,
  0x00, 0x0a, 0x04, 0xf7, 0xfb, 0x0d, 0xff, 0x0c, 0x11, 0xf9, 0x18, 0xf0,
  0x06, 0x18, 0xf8, 0x06, 0xfb, 0x1d, 0x06, 0x01, 0x6e, 0xd9, 0xff, 0xff,
  0x04, 0x00, 0x00, 0x00, 0x10, 0x00, 0x00, 0x00, 0x4e, 0x14, 0x7f, 0x20,
  0x4a, 0x41, 0x4d, 0x47, 0x22, 0x14, 0x0d, 0xff, 0xfc, 0xff, 0x03, 0x29,
  0x8a, 0xd9, 0xff, 0xff, 0x04, 0x00, 0x00, 0x00, 0x10, 0x00, 0x00, 0x00,
  0x6b, 0x57, 0x14, 0xcf, 0x20, 0x72, 0x5c, 0x1e, 0x44, 0xb0, 0x4b, 0x52,
  0x5e, 0x80, 0x7f, 0x36, 0xa6, 0xd9, 0xff, 0xff, 0x04, 0x00, 0x00, 0x00,
  0xc0, 0x06, 0x00, 0x00, 0xe6, 0xf8, 0xfb, 0xe5, 0x35, 0x0a, 0x58, 0x2f,
  0xe5, 0x23, 0x81, 0xfc, 0xf7, 0x01, 0xc1, 0xf1, 0xf6, 0xe5, 0x29, 0x0d,
  0x33, 0xff, 0x50, 0x78, 0xed, 0x20, 0xc9, 0xf0, 0xfc, 0xe2, 0xcd, 0xfb,
  0xd5, 0x35, 0x14, 0xff, 0xee, 0xdb, 0x3d, 0x23, 0xca, 0x22, 0xc0, 0xfb,
  0x1c, 0xf0, 0x05, 0x04, 0xf8, 0xff, 0xfa, 0x13, 0x34, 0xbe, 0xc3, 0x06,
  0xff, 0xf5, 0xc8, 0x1d, 0x34, 0xe3, 0x0a, 0x61, 0xf4, 0x0f, 0xda, 0xeb,
  0x20, 0xc3, 0xc3, 0xe8, 0xee, 0xf8, 0xcb, 0xd9, 0x25, 0xe5, 0x36, 0x3d,
  0x3f, 0xfe, 0x13, 0xd7, 0x14, 0xe9, 0x39, 0xeb, 0x33, 0xff, 0xf3, 0x0a,
  0xe5, 0x1e, 0x1e, 0x0f, 0xec, 0x25, 0xd6, 0xf4, 0x15, 0xe1, 0x09, 0x14,
  0xf6, 0x4a, 0xb3, 0x0d, 0x0f, 0xf6, 0x38, 0x16, 0xf6, 0xef, 0x06, 0xf7,
  0x11, 0xac, 0x52, 0x0d, 0xe8, 0xff, 0xe4, 0xd1, 0x10, 0xdc, 0x3b, 0x07,
  0x3d, 0xc3, 0x22, 0xd7, 0x05, 0xe0, 0x1f, 0x03, 0xeb, 0xeb, 0xc6, 0x12,
  0x39, 0xc0, 0x12, 0x35, 0x9f, 0xf8, 0xee, 0x1a, 0xfc, 0x1e, 0x52, 0x17,
  0x04, 0x2b, 0xc5, 0xde, 0x05, 0x15, 0xf6, 0xdd, 0x9c, 0xfe, 0xfd, 0xf8,
  0xe4, 0x48, 0x1b, 0xf2, 0x31, 0x2a, 0x14, 0x11, 0xd5, 0xff, 0xbe, 0xd3,
  0xd5, 0xf4, 0x20, 0xe5, 0x0c, 0x0f, 0x08, 0xde, 0x67, 0xda, 0x0a, 0xc5,
  0xf5, 0x06, 0xe2, 0x14, 0x81, 0xd8, 0xb5, 0x14, 0x26, 0xf4, 0x21, 0x40,
  0x13, 0x07, 0xe1, 0xfc, 0xfe, 0x0d, 0xf4, 0xea, 0xa9, 0xc7, 0xb7, 0x01,
  0xfa, 0x25, 0x37, 0x03, 0x22, 0x26, 0x2c, 0x01, 0x03, 0x06, 0xde, 0xc4,
  0xce, 0xf9, 0xf6, 0xfb, 0x01, 0xd6, 0xf4, 0x1a, 0x43, 0x22, 0x28, 0xe4,
  0xca, 0x2e, 0xe6, 0xe0, 0xaf, 0xeb, 0xc7, 0x1b, 0x32, 0xab, 0xf0, 0xe6,
  0xfb, 0x1a, 0xca, 0xd3, 0x1f, 0x32, 0x00, 0xf1, 0xb1, 0xf4, 0xb1, 0x03,
  0x0b, 0xa5, 0x1c, 0x06, 0x02, 0xea, 0xe5, 0xec, 0x09, 0x1b, 0xfb, 0xf0,
  0xbd, 0x1d, 0xf9, 0xf5, 0xdc, 0xcd, 0x0e, 0x1c, 0x2a, 0x20, 0xd5, 0x00,
  0x06, 0x11, 0xe5, 0xbf, 0x07, 0xf3, 0xd1, 0x30, 0x00, 0x2e, 0x13, 0xe7,
  0x29, 0xda, 0x66, 0xf8, 0x02, 0xfa, 0xf6, 0xbe, 0x02, 0x13, 0xdd, 0xe6,
  0xde, 0x05, 0xfe, 0xe4, 0x4d, 0x03, 0x20, 0x14, 0x03, 0x07, 0xf0, 0xd6,
  0x03, 0xf7, 0xe4, 0xf1, 0xf2, 0xf7, 0xd7, 0x06, 0x1f, 0xf0, 0x11, 0x12,
  0x09, 0xf4, 0xf7, 0xe2, 0x18, 0xf8, 0xeb, 0x28, 0x28, 0xf9, 0xe6, 0x04,
  0x42, 0xfc, 0x0b, 0xf3, 0xfa, 0x1a, 0xfd, 0xc3, 0xf1, 0x0c, 0xe6, 0x1d,
  0xee, 0x22, 0xe4, 0xee, 0x4f, 0x1a, 0x20, 0x01, 0xf1, 0x10, 0x19, 0xe1,
  0xf7, 0xf9, 0xf2, 0xf1, 0x0c, 0xf9, 0xf7, 0xfd, 0x11, 0xf9, 0x41, 0xf6,
  0xce, 0xfe, 0x0d, 0xe3, 0x0a, 0x01, 0xba, 0xfe, 0xfa, 0xf9, 0xe0, 0xfd,
  0x2d, 0x0b, 0x7f, 0xff, 0x0a, 0x0e, 0xfa, 0xbb, 0xd3, 0x0d, 0xd4, 0x1e,
  0x12, 0x02, 0xf5, 0xf9, 0x58, 0x0a, 0x2f, 0xf9, 0x15, 0x0d, 0xdc, 0xc0,
  0xf5, 0x07, 0x0b, 0x2a, 0xfe, 0x1e, 0x0e, 0xe9, 0x73, 0x05, 0x2e, 0xf5,
  0xf5, 0x11, 0x1c, 0xd7, 0xf3, 0xdb, 0xdb, 0x0e, 0x36, 0xf8, 0x18, 0xfd,
  0x2b, 0xe8, 0x25, 0x8d, 0x2f, 0x25, 0x73, 0x28, 0xee, 0xde, 0x08, 0xe8,
  0xd5, 0xfe, 0x3d, 0x1c, 0x59, 0xf7, 0x62, 0x85, 0x5f, 0xf0, 0x51, 0x14,
  0xb2, 0xc0, 0x12, 0x05, 0x23, 0xed, 0xe8, 0xef, 0x17, 0x4f, 0xf9, 0xad,
  0xfc, 0xd8, 0x07, 0x0c, 0xb9, 0xf5, 0xb8, 0x23, 0x16, 0x9a, 0x3e, 0x3a,
  0xbf, 0x02, 0xb0, 0x9f, 0x2f, 0x13, 0xeb, 0x39, 0x0a, 0x41, 0x29, 0x0f,
  0xe4, 0xcb, 0x4f, 0x11, 0x0c, 0x00, 0xbf, 0xf3, 0x6b, 0xeb, 0x1c, 0x6d,
  0xb5, 0x20, 0x04, 0x22, 0xfa, 0x08, 0xe5, 0x33, 0xd3, 0x21, 0x15, 0xb1,
  0x19, 0xf6, 0x68, 0xf7, 0x81, 0xe6, 0xce, 0xf3, 0x11, 0x8a, 0x20, 0x08,
  0x04, 0x2c, 0x2c, 0x92, 0xe6, 0x50, 0x22, 0x0a, 0xa7, 0x17, 0xed, 0xed,
  0xf1, 0x9f, 0x00, 0x0f, 0x0b, 0x15, 0xfb, 0x07, 0x1d, 0xed, 0x42, 0x35,
  0xa8, 0x2e, 0x0d, 0x06, 0x00, 0xb6, 0xdc, 0xe4, 0x0d, 0x25, 0xf1, 0xe4,
  0xfd, 0xb1, 0x54, 0x24, 0x17, 0x29, 0xec, 0x21, 0xfd, 0x0a, 0x07, 0xed,
  0xe0, 0xcb, 0x75, 0x1a, 0xb4, 0xf9, 0x1b, 0xe7, 0x1a, 0x1f, 0xcf, 0x08,
  0xfa, 0xe0, 0x0f, 0x1d, 0xf4, 0x02, 0x0d, 0x23, 0xe7, 0x12, 0x17, 0xdd,
  0x08, 0x18, 0xcb, 0xe1, 0xe8, 0x0d, 0xfe, 0x0d, 0x06, 0x00, 0xcf, 0x17,
  0xe6, 0x16, 0xf9, 0xdd, 0x57, 0x15, 0xfc, 0x1e, 0x1b, 0xdf, 0x0e, 0xfe,
  0x20, 0xe3, 0x1c, 0xed, 0x9c, 0x18, 0x25, 0xf6, 0x25, 0x0f, 0xe9, 0x0a,
  0xfd, 0xce, 0xe2, 0x0e, 0x0a, 0x04, 0xef, 0x01, 0xd9, 0x00, 0x5f, 0xfa,
  0xe7, 0x0f, 0xbf, 0xf8, 0xf8, 0xe8, 0xf5, 0x2f, 0xf4, 0xfb, 0x1c, 0xf8,
  0xd0, 0x24, 0x51, 0x1f, 0x1a, 0x24, 0x38, 0x00, 0x1a, 0xcd, 0xdf, 0x24,
  0x06, 0xed, 0xe5, 0x17, 0xd6, 0x07, 0x28, 0xe1, 0xec, 0x2b, 0x06, 0xe4,
  0x20, 0xd6, 0xc1, 0x1d, 0xda, 0x00, 0x23, 0x02, 0xbc, 0x07, 0x0a, 0x03,
  0x00, 0x2e, 0x0c, 0x09, 0x12, 0xfd, 0xe2, 0x52, 0xfe, 0x07, 0x7f, 0xd8,
  0xb5, 0x17, 0x26, 0xf5, 0xb7, 0xdd, 0x01, 0x2a, 0xd6, 0x3a, 0x12, 0x81,
  0x17, 0xcc, 0x26, 0xe2, 0x41, 0xfe, 0xe2, 0xff, 0x0d, 0xca, 0xf3, 0x25,
  0xf1, 0xce, 0xf4, 0xd5, 0xc2, 0x07, 0x69, 0x20, 0xfe, 0xe6, 0x32, 0xe3,
  0x22, 0xf8, 0x0d, 0xe9, 0xcd, 0xdc, 0x11, 0x2d, 0xe3, 0x30, 0xd1, 0x17,
  0xa7, 0xc9, 0x20, 0x1a, 0x30, 0x07, 0x3f, 0xed, 0xfb, 0x19, 0xf3, 0xfd,
  0x1d, 0xf4, 0x1a, 0xdb, 0x2d, 0x20, 0x2b, 0x38, 0xf5, 0xdc, 0xe1, 0xdc,
  0x1e, 0x24, 0x12, 0xd8, 0xec, 0xd5, 0x5d, 0x09, 0x19, 0xf1, 0xf7, 0x1e,
  0x37, 0xfa, 0x12, 0xdf, 0xff, 0x0e, 0xee, 0xf6, 0xd4, 0x00, 0x2f, 0xec,
  0xcb, 0xe7, 0x55, 0x04, 0x21, 0x02, 0x61, 0xfc, 0x02, 0x1d, 0x22, 0xe8,
  0x0d, 0xe4, 0x03, 0xe9, 0x09, 0xfa, 0x16, 0x1b, 0x3c, 0xdc, 0x70, 0x16,
  0x11, 0x49, 0x1a, 0xfd, 0xd8, 0xd1, 0x33, 0x09, 0xe4, 0x06, 0x0e, 0x2e,
  0xf5, 0xc4, 0x37, 0xe0, 0xfc, 0x1e, 0x49, 0x08, 0xc3, 0xe1, 0x1a, 0xf1,
  0x9d, 0x04, 0x20, 0x11, 0x3b, 0x39, 0x3f, 0xd9, 0x45, 0xcc, 0x23, 0x01,
  0xfc, 0x23, 0x19, 0x58, 0x81, 0x29, 0x0c, 0x12, 0x1b, 0x47, 0xdb, 0xec,
  0xf5, 0xde, 0x10, 0xf4, 0xcc, 0xff, 0xde, 0x36, 0xe2, 0x18, 0xba, 0x51,
  0x0c, 0x1f, 0x19, 0xcc, 0xee, 0xd9, 0xf8, 0xe5, 0xda, 0x17, 0x33, 0x1e,
  0x1f, 0x27, 0x1f, 0x10, 0xcb, 0xec, 0x11, 0xe2, 0xd9, 0xd8, 0x08, 0x09,
  0xd2, 0xf9, 0xab, 0xff, 0xda, 0x01, 0xde, 0x09, 0xee, 0x12, 0x1a, 0xfb,
  0xf9, 0x04, 0xee, 0x17, 0xdd, 0x0b, 0xc9, 0xfe, 0xde, 0xf4, 0xf9, 0x3e,
  0x2b, 0x0d, 0x3a, 0xf8, 0x09, 0x2d, 0xf6, 0xea, 0xc7, 0xfa, 0xff, 0xed,
  0xbe, 0xfc, 0xe9, 0x26, 0x14, 0xfb, 0x45, 0xf1, 0xda, 0xfc, 0x02, 0x09,
  0xe6, 0x02, 0xdf, 0x0e, 0xfd, 0xfd, 0x04, 0x0d, 0x03, 0x09, 0x30, 0x1d,
  0xea, 0xc1, 0xe9, 0xe8, 0xb2, 0xe0, 0x0c, 0xfd, 0xdb, 0x0f, 0xf5, 0x48,
  0x11, 0x2c, 0x27, 0x1e, 0xc1, 0xe2, 0xc9, 0xe1, 0xe3, 0xdc, 0xff, 0xbc,
  0xd7, 0x20, 0x17, 0xfe, 0x03, 0xeb, 0xc8, 0xbf, 0xff, 0x29, 0xdb, 0x13,
  0xeb, 0xf8, 0x12, 0x21, 0x07, 0xd6, 0xea, 0x1c, 0x00, 0x18, 0xec, 0xf9,
  0xff, 0x23, 0xf3, 0x0f, 0xe7, 0xfd, 0x34, 0x0c, 0xf5, 0xee, 0x1c, 0xec,
  0x16, 0x1b, 0x1b, 0x2a, 0xcd, 0x30, 0xd0, 0xb3, 0xfd, 0xdf, 0x0a, 0xf5,
  0xa8, 0xea, 0xbb, 0xdb, 0xee, 0x05, 0x10, 0xec, 0xf2, 0x11, 0xec, 0x2a,
  0x0c, 0x0d, 0x47, 0x05, 0xe9, 0xfa, 0xe0, 0x17, 0xd6, 0x0e, 0xfa, 0xfd,
  0xe7, 0x20, 0xc3, 0x0e, 0xdb, 0x0a, 0x64, 0xf6, 0xf8, 0x0f, 0xef, 0x09,
  0x16, 0x2d, 0xfc, 0x24, 0x10, 0x34, 0xaa, 0xbf, 0x25, 0x20, 0x2d, 0x20,
  0xd3, 0x13, 0xcb, 0x1c, 0x98, 0x12, 0x34, 0x11, 0xc9, 0xf6, 0xe5, 0xf0,
  0x0c, 0xfa, 0x3c, 0x11, 0xda, 0x04, 0xc1, 0xf7, 0xae, 0xf3, 0xf9, 0x3f,
  0xe3, 0xee, 0xbb, 0x09, 0x20, 0xdb, 0x41, 0xe3, 0xef, 0x19, 0xcd, 0xf4,
  0xfe, 0xda, 0x43, 0x22, 0xef, 0x1c, 0xce, 0x1c, 0x0e, 0xcc, 0x3b, 0xf4,
  0xca, 0xf0, 0x81, 0x06, 0xf5, 0xff, 0xf3, 0xea, 0xba, 0xe0, 0xdf, 0x12,
  0xc6, 0xf1, 0x6c, 0xdb, 0xbd, 0x0c, 0xce, 0xf7, 0xe4, 0x3d, 0xff, 0x13,
  0xf9, 0x3a, 0x1d, 0x8e, 0x25, 0xfe, 0x60, 0x05, 0x2d, 0xfb, 0x15, 0x18,
  0xdc, 0x35, 0xa7, 0xf3, 0x37, 0x02, 0xe1, 0x02, 0x3c, 0xdc, 0x44, 0x35,
  0x0b, 0x03, 0x00, 0xe4, 0xc9, 0x30, 0xc2, 0x25, 0xdc, 0xef, 0xf2, 0xdd,
  0x10, 0xf7, 0x18, 0x04, 0x1b, 0x13, 0xda, 0xfc, 0xa7, 0xf3, 0x11, 0xfc,
  0xd8, 0x23, 0xd1, 0xd2, 0x30, 0xf7, 0x7f, 0xee, 0xed, 0x01, 0x2c, 0xdf,
  0x15, 0x90, 0x30, 0x0f, 0x13, 0x03, 0x0e, 0x20, 0x1a, 0x34, 0x3d, 0x01,
  0xb5, 0xf0, 0x19, 0x4a, 0xfe, 0x06, 0xf9, 0x1c, 0xe0, 0x4e, 0xf5, 0x2d,
  0x05, 0x07, 0x38, 0x0a, 0x0f, 0x00, 0xea, 0x1b, 0xe2, 0xb5, 0xfe, 0x20,
  0x05, 0x37, 0xf7, 0xd2, 0x35, 0xe3, 0x3d, 0x15, 0x0b, 0x03, 0xe8, 0xc7,
  0xe7, 0xd3, 0x19, 0x2f, 0xc4, 0xd7, 0xbf, 0xe1, 0xe2, 0xc4, 0x3c, 0x00,
  0x0c, 0x16, 0xcc, 0xfe, 0xdb, 0x02, 0xf5, 0x1c, 0x04, 0xec, 0x17, 0xf9,
  0xf2, 0xf1, 0x45, 0xfa, 0xd2, 0x29, 0x06, 0x03, 0x0f, 0x0e, 0xfb, 0x14,
  0x0b, 0xee, 0x27, 0x01, 0xfd, 0xea, 0x66, 0x02, 0x18, 0x12, 0xff, 0xfa,
  0x03, 0x1d, 0x0f, 0x0f, 0x0b, 0xd7, 0x08, 0xe7, 0xef, 0xed, 0x56, 0x05,
  0x2e, 0xed, 0xf8, 0x05, 0xfb, 0x01, 0xfa, 0x12, 0x02, 0xfe, 0x16, 0xf2,
  0xe1, 0xed, 0x7f, 0x0f, 0x22, 0x12, 0xfc, 0x02, 0x17, 0x10, 0x03, 0xfc,
  0x00, 0xfe, 0x1c, 0xec, 0xe4, 0xd6, 0x2f, 0x0e, 0x4b, 0xf5, 0x05, 0x07,
  0x0c, 0x31, 0x00, 0xe9, 0xf1, 0xef, 0xec, 0xef, 0xd8, 0xe2, 0xfd, 0xfe,
  0x27, 0x02, 0x12, 0x11, 0x1f, 0x00, 0x0f, 0xf8, 0xfc, 0xf3, 0xf9, 0xe7,
  0xec, 0xed, 0x30, 0xfc, 0x53, 0x06, 0x05, 0x03, 0xe8, 0x0b, 0x19, 0xf4,
  0xf7, 0xee, 0xfd, 0xe8, 0xf6, 0xe1, 0x18, 0xf8, 0x26, 0xf3, 0x09, 0x05,
  0xe8, 0x1c, 0x17, 0xfa, 0x08, 0x04, 0x07, 0xf5, 0xf8, 0xe8, 0x34, 0xee,
  0xe8, 0x0d, 0xe1, 0x13, 0xf9, 0x05, 0xf5, 0x2a, 0xf5, 0x56, 0x16, 0x07,
  0xfe, 0xf4, 0x13, 0x3e, 0xf2, 0xfc, 0x81, 0x47, 0x24, 0xf1, 0x22, 0xf1,
  0xfb, 0x02, 0x2d, 0x05, 0xc2, 0xf0, 0x0a, 0xf2, 0xe8, 0x14, 0x0d, 0x0a,
  0x2a, 0x62, 0xf6, 0x14, 0x15, 0xe6, 0x15, 0xb4, 0xdb, 0xfe, 0xfb, 0xf9,
  0xdc, 0x33, 0xbd, 0xf9, 0x01, 0x0d, 0x18, 0xea, 0xfb, 0xf9, 0x3d, 0x15,
  0xd8, 0x01, 0x3c, 0x1d, 0xf3, 0x0b, 0xa7, 0xf8, 0x1f, 0x42, 0x26, 0x05,
  0x16, 0xdb, 0x23, 0xf0, 0xa5, 0x23, 0xf4, 0xfb, 0xd5, 0xfc, 0xae, 0x32,
  0xf8, 0x47, 0xed, 0xdb, 0x24, 0xd6, 0xeb, 0xf0, 0xdd, 0x19, 0x1b, 0xfc,
  0xb5, 0x13, 0xac, 0x00, 0xd0, 0xe4, 0xe3, 0x03, 0xcc, 0xe4, 0xf8, 0x0a,
  0xd9, 0x05, 0xe8, 0x19, 0xcb, 0x36, 0xb5, 0x09, 0xe2, 0xf5, 0xea, 0xf8,
  0xce, 0xd2, 0xd1, 0x06, 0xee, 0xd1, 0xe6, 0x07, 0xc3, 0x15, 0xa0, 0x1d,
  0x1d, 0x0e, 0x06, 0xfb, 0xd9, 0xca, 0xd0, 0x06, 0xec, 0x07, 0xbf, 0xf5,
  0x99, 0xf7, 0xa5, 0xfe, 0x0e, 0xd2, 0xe6, 0xe3, 0xf5, 0x9f, 0x49, 0x4c,
  0x3b, 0xf7, 0x18, 0x10, 0xe2, 0xfd, 0x01, 0x0e, 0x3e, 0xe0, 0x04, 0xc2,
  0x03, 0xc4, 0x75, 0x09, 0x3e, 0xfd, 0xe4, 0x1d, 0xf7, 0x02, 0x11, 0xe1,
  0x22, 0xbb, 0x16, 0xe4, 0x16, 0x24, 0x49, 0x27, 0x16, 0xfd, 0x0e, 0xf7,
  0x19, 0x10, 0x10, 0xed, 0xf5, 0xc1, 0xfb, 0xf8, 0x0b, 0x0e, 0x01, 0x59,
  0x3d, 0xf5, 0x1a, 0x21, 0xe8, 0xff, 0xb5, 0x01, 0xfa, 0xff, 0xcc, 0xe5,
  0xdb, 0xd5, 0xfd, 0xfe, 0x25, 0x17, 0xdd, 0x26, 0x14, 0xe4, 0x08, 0xd7,
  0x19, 0xc2, 0xec, 0xfb, 0xde, 0x0c, 0x4e, 0x1d, 0x18, 0xec, 0xfc, 0xf0,
  0x23, 0x26, 0x10, 0x04, 0x43, 0x81, 0xf0, 0xff, 0x23, 0x1d, 0x12, 0x31,
  0xdb, 0x2b, 0xee, 0x1f, 0xd1, 0x44, 0xce, 0x17, 0x1b, 0xfe, 0xf1, 0xe7,
  0xe8, 0x17, 0x09, 0x03, 0x3a, 0x0b, 0x13, 0xe2, 0xf6, 0x04, 0x26, 0xef,
  0x28, 0xe4, 0xe8, 0x0e, 0xce, 0xf6, 0xfb, 0x2d, 0x27, 0x04, 0xf3, 0xd4,
  0x4c, 0x17, 0x1a, 0xf9, 0x84, 0xbe, 0xff, 0xff, 0x76, 0xe0, 0xff, 0xff,
  0x04, 0x00, 0x00, 0x00, 0x30, 0x00, 0x00, 0x00, 0x00, 0x00, 0x00, 0x00,
  0x00, 0x00, 0x00, 0x00, 0x00, 0x00, 0x00, 0x00, 0x00, 0x00, 0x00, 0x00,
  0x00, 0x00, 0x00, 0x00, 0x00, 0x00, 0x00, 0x00, 0x00, 0x00, 0x00, 0x00,
  0x00, 0x00, 0x00, 0x00, 0x00, 0x00, 0x00, 0x00, 0x00, 0x00, 0x00, 0x00,
  0x00, 0x00, 0x00, 0x00, 0x00, 0x00, 0x00, 0x00, 0xb2, 0xe0, 0xff, 0xff,
  0x04, 0x00, 0x00, 0x00, 0xc0, 0x12, 0x00, 0x00, 0xdb, 0xdc, 0xf5, 0xe7,
  0xd4, 0x23, 0x2c, 0x0c, 0x4a, 0x1a, 0x1b, 0xfc, 0xf5, 0xf0, 0xe3, 0xe3,
  0x04, 0x02, 0xe3, 0xc0, 0xde, 0x2e, 0xfc, 0xdf, 0x5e, 0x13, 0xe7, 0xd6,
  0xdd, 0xdf, 0xfa, 0x20, 0x29, 0xe6, 0xf8, 0xf6, 0xf0, 0x39, 0xdc, 0xd7,
  0x1c, 0x0b, 0x1c, 0xe2, 0x39, 0xe9, 0x07, 0x10, 0x1b, 0xf0, 0xee, 0xdf,
  0xd5, 0x2a, 0x01, 0xe6, 0x38, 0xf4, 0x18, 0xfc, 0x21, 0xce, 0x15, 0x02,
  0x02, 0xf9, 0xf1, 0xc9, 0xdf, 0xeb, 0x08, 0x08, 0x48, 0x02, 0x08, 0xe3,
  0xfd, 0xf2, 0x0a, 0xfe, 0xd4, 0xde, 0xea, 0x20, 0xe6, 0x15, 0xd9, 0x19,
  0x43, 0x3d, 0x17, 0xfd, 0x06, 0xdf, 0xd1, 0xbf, 0xda, 0x03, 0x02, 0xe1,
  0xdb, 0x1b, 0x28, 0xf7, 0x61, 0x1e, 0x0f, 0xff, 0x03, 0xf8, 0xf4, 0x13,
  0x10, 0xc3, 0xfb, 0xd5, 0xfd, 0x29, 0x10, 0xc5, 0x1f, 0x20, 0x1f, 0xbf,
  0x09, 0x0c, 0xf3, 0xf4, 0xe5, 0xee, 0xfc, 0x01, 0x0d, 0x2e, 0xc9, 0xe9,
  0x22, 0x21, 0x2c, 0xef, 0x32, 0xf3, 0xee, 0xe2, 0xd0, 0xf7, 0xee, 0x13,
  0x14, 0x12, 0x0f, 0x26, 0x53, 0x08, 0x02, 0xea, 0xff, 0xea, 0xdb, 0xf1,
  0xf6, 0xf3, 0xc4, 0x23, 0xfc, 0x23, 0xd8, 0x12, 0x13, 0x49, 0xf2, 0x40,
  0x07, 0x00, 0xbe, 0xb6, 0xa7, 0x07, 0xfa, 0xf7, 0xe6, 0x1a, 0xee, 0xf8,
  0x7f, 0x22, 0xf8, 0xfa, 0x68, 0xe0, 0xda, 0xe8, 0xc1, 0xf9, 0xeb, 0xdb,
  0xee, 0x0e, 0x23, 0xf1, 0x43, 0x08, 0xff, 0xd5, 0x32, 0xf1, 0xcf, 0x04,
  0x05, 0xd9, 0xd2, 0xd0, 0xff, 0x38, 0xde, 0x06, 0x7a, 0x34, 0xff, 0xf6,
  0x37, 0x04, 0xbb, 0xcf, 0xec, 0xf2, 0xf7, 0x0b, 0x11, 0x29, 0x01, 0xfb,
  0x7a, 0x0d, 0xfa, 0xf2, 0x12, 0xdd, 0xa8, 0xd7, 0x28, 0x04, 0xd5, 0x06,
  0x29, 0xf8, 0xe8, 0xef, 0x2e, 0x21, 0xf5, 0x3a, 0x11, 0xff, 0xc5, 0xbe,
  0xde, 0x04, 0xf3, 0x11, 0x06, 0x60, 0x08, 0x03, 0x61, 0x27, 0xec, 0x0f,
  0x1d, 0xe1, 0xd6, 0xf4, 0x87, 0x04, 0xf6, 0xdc, 0x08, 0x3e, 0x1b, 0xff,
  0x4d, 0xf1, 0x07, 0x12, 0x6f, 0xec, 0xcd, 0xef, 0xd6, 0x17, 0xd9, 0xf9,
  0x0b, 0x53, 0x08, 0x05, 0x6b, 0x1c, 0xff, 0x0e, 0x27, 0x19, 0xb0, 0xc4,
  0x0b, 0xf4, 0xef, 0x15, 0x08, 0x3e, 0x0f, 0x02, 0x4f, 0x23, 0x02, 0x17,
  0x14, 0xfe, 0xd5, 0xd3, 0x22, 0xee, 0xc9, 0xf4, 0x0a, 0xf0, 0xfc, 0x02,
  0x1c, 0xf8, 0x0a, 0x21, 0x25, 0xf4, 0xce, 0xc0, 0x1a, 0xcf, 0xdc, 0x01,
  0xf3, 0x30, 0x08, 0xe5, 0x38, 0x01, 0xd7, 0x1e, 0x02, 0xf9, 0xd5, 0xd2,
  0xb4, 0xd9, 0xec, 0xf0, 0x01, 0x4b, 0xfa, 0xf2, 0x48, 0x04, 0xe3, 0x21,
  0x2d, 0xe9, 0xcf, 0xe6, 0xe4, 0x04, 0xbc, 0x03, 0x09, 0x2f, 0xe5, 0x02,
  0x56, 0x0d, 0xf1, 0x2e, 0x18, 0x0f, 0xb5, 0xb5, 0xf8, 0xf8, 0xdd, 0x0e,
  0x03, 0x1d, 0x09, 0x05, 0x4e, 0x0c, 0xe5, 0x12, 0x0a, 0x13, 0xa6, 0xd6,
  0x02, 0x20, 0x0c, 0xf4, 0x14, 0xf4, 0xfd, 0x12, 0xc5, 0x1c, 0x81, 0x03,
  0x28, 0x3c, 0xf1, 0x3a, 0x23, 0x35, 0xf5, 0xd2, 0x12, 0xf7, 0xed, 0x1c,
  0xb0, 0x28, 0xda, 0x06, 0x43, 0x34, 0xeb, 0x1e, 0x5b, 0xf2, 0xef, 0xe2,
  0x21, 0xf8, 0x26, 0x2c, 0xe3, 0xfd, 0xde, 0x0b, 0x03, 0x2d, 0x0b, 0x08,
  0x29, 0xf6, 0x0d, 0xe9, 0x49, 0xc0, 0xfb, 0x35, 0xd0, 0x03, 0xdd, 0xd8,
  0x3d, 0x17, 0xbc, 0x19, 0x1f, 0x10, 0x12, 0xee, 0x14, 0xbf, 0xf6, 0x0e,
  0xd6, 0x19, 0xe4, 0xd8, 0x4e, 0x2c, 0xcb, 0x18, 0x00, 0x22, 0x0d, 0xe0,
  0x22, 0x03, 0x11, 0x1c, 0xb4, 0x0a, 0xc9, 0xda, 0xc0, 0x0e, 0x0e, 0x0a,
  0x23, 0x2e, 0xfb, 0xeb, 0x0d, 0x0c, 0x48, 0x21, 0xc4, 0xf0, 0xf1, 0xf8,
  0xea, 0xeb, 0x02, 0xd8, 0x20, 0xeb, 0x0d, 0x0e, 0x1a, 0xfb, 0x0e, 0x0f,
  0xd3, 0x0b, 0xd9, 0x2f, 0xf1, 0xf3, 0x10, 0x1c, 0x22, 0xff, 0xec, 0xce,
  0x06, 0xbc, 0x02, 0x12, 0x98, 0xfa, 0xc7, 0xca, 0x16, 0x24, 0xdf, 0xe7,
  0xff, 0x24, 0xc4, 0xcd, 0x19, 0xe8, 0x19, 0x12, 0xb5, 0x29, 0xc5, 0xfa,
  0xe3, 0x08, 0x0c, 0x0b, 0xda, 0x1c, 0x43, 0xf9, 0xf0, 0x02, 0x1a, 0x12,
  0xe7, 0xfc, 0x02, 0xf3, 0xe3, 0xe5, 0x08, 0x16, 0xeb, 0x29, 0x2c, 0x0b,
  0x01, 0xf7, 0x05, 0x13, 0xd6, 0xe8, 0x07, 0x08, 0xb7, 0xe7, 0x13, 0x0f,
  0xf3, 0x19, 0x2e, 0x0d, 0xe6, 0x12, 0x29, 0x14, 0x12, 0xde, 0x15, 0xf0,
  0xec, 0xfd, 0x01, 0x17, 0xf5, 0xdc, 0x23, 0xed, 0x12, 0xf9, 0x37, 0x1d,
  0x0d, 0xec, 0xf0, 0xe9, 0xd8, 0xe5, 0xf5, 0x02, 0xc2, 0xf7, 0x03, 0x02,
  0x31, 0xf8, 0x20, 0x20, 0xf6, 0x06, 0xe1, 0x1b, 0xbd, 0xeb, 0x35, 0x13,
  0x35, 0xde, 0x01, 0x2b, 0x3c, 0xdf, 0x12, 0xf7, 0xd7, 0x24, 0xac, 0xbd,
  0xe8, 0x25, 0x19, 0x21, 0x15, 0x06, 0xf0, 0xf1, 0xe5, 0xbf, 0xef, 0x1c,
  0xc2, 0xfa, 0xd7, 0xd7, 0xff, 0xf8, 0x03, 0x11, 0x42, 0x39, 0xfe, 0x0c,
  0xe8, 0xfe, 0x21, 0x1f, 0xda, 0x0c, 0x1d, 0x01, 0xff, 0x0d, 0x15, 0x1f,
  0x23, 0xd5, 0x23, 0x0b, 0x00, 0x13, 0x1f, 0x24, 0xe4, 0x02, 0xf7, 0x0e,
  0xef, 0xfe, 0xf6, 0x1b, 0xff, 0xe3, 0x23, 0xf1, 0x13, 0xe0, 0xe7, 0x3f,
  0xf4, 0x05, 0xe5, 0xd1, 0xf7, 0xfc, 0x07, 0x00, 0x17, 0xec, 0x10, 0x0d,
  0x1e, 0xce, 0x00, 0xde, 0xc8, 0xec, 0xbb, 0xb6, 0x12, 0x38, 0x25, 0x46,
  0x3d, 0x0c, 0xef, 0xdf, 0xdc, 0xd6, 0x32, 0x08, 0xbc, 0xef, 0x08, 0xdb,
  0x1c, 0x1a, 0x15, 0x20, 0x33, 0x01, 0xfc, 0xfe, 0x26, 0xe7, 0x08, 0xf7,
  0xb7, 0x11, 0xdf, 0xed, 0x07, 0x26, 0x15, 0x29, 0x25, 0xc5, 0x09, 0xed,
  0x0c, 0xbb, 0xee, 0x13, 0xb5, 0x0a, 0xd0, 0xc7, 0xfe, 0x27, 0xf0, 0x0c,
  0x03, 0xf3, 0xfb, 0xe6, 0x0a, 0xb4, 0xff, 0x22, 0xe0, 0x10, 0xca, 0xa3,
  0x1d, 0x03, 0xf6, 0x0b, 0xe8, 0x03, 0xfd, 0x07, 0x24, 0xe1, 0xde, 0xef,
  0x1d, 0xf6, 0xd3, 0x00, 0x09, 0x2b, 0x07, 0xbf, 0xf1, 0xf9, 0xf8, 0xfe,
  0x30, 0xe7, 0xfa, 0x09, 0xfa, 0xec, 0xfb, 0xe5, 0xf7, 0x09, 0x3f, 0xde,
  0xef, 0x05, 0xfb, 0x0e, 0x0c, 0xd7, 0xff, 0x08, 0xd8, 0xe0, 0x27, 0xf8,
  0xbc, 0xea, 0x44, 0xe6, 0x13, 0x22, 0x05, 0x02, 0xfc, 0xc0, 0x0a, 0x14,
  0xf6, 0xe6, 0x3b, 0xde, 0xb8, 0xff, 0x39, 0xe0, 0x11, 0x26, 0xed, 0xf4,
  0x02, 0xd0, 0xee, 0xfd, 0x0e, 0x07, 0x41, 0xd1, 0xe9, 0xf8, 0x19, 0xc9,
  0xe4, 0x15, 0xeb, 0x05, 0x05, 0xfc, 0x09, 0x08, 0x1f, 0xf8, 0x7f, 0x03,
  0x9e, 0x16, 0x03, 0xa7, 0xfa, 0x26, 0xf9, 0x0b, 0x12, 0xe3, 0x16, 0xf9,
  0x47, 0xda, 0x42, 0x01, 0xd1, 0xda, 0x27, 0xc1, 0x21, 0x07, 0xef, 0x04,
  0x13, 0xdc, 0x09, 0x11, 0x01, 0xec, 0x33, 0x06, 0xdc, 0xeb, 0x16, 0xe5,
  0x45, 0x0d, 0x0b, 0x00, 0xf4, 0xd2, 0xf3, 0x05, 0x0f, 0x07, 0x07, 0x01,
  0x14, 0x0a, 0x30, 0xf1, 0x21, 0x0c, 0xf6, 0x0c, 0x06, 0xe1, 0xe8, 0x0f,
  0x2e, 0x10, 0xf6, 0xf4, 0x33, 0x0a, 0x15, 0xf4, 0x0e, 0xec, 0xe1, 0x05,
  0x08, 0x19, 0x02, 0xd9, 0x2b, 0x03, 0x47, 0xf5, 0x29, 0x28, 0x10, 0xd0,
  0x1f, 0x0b, 0xfe, 0x05, 0x0a, 0xfa, 0xf2, 0xe9, 0x55, 0x0a, 0x09, 0x03,
  0x4a, 0xfc, 0x01, 0xd2, 0x19, 0xfd, 0xfd, 0x04, 0x09, 0xeb, 0xd3, 0xf9,
  0x2a, 0x21, 0xed, 0xf5, 0x18, 0xf9, 0x12, 0xd8, 0xff, 0xe8, 0x00, 0xf8,
  0x23, 0xf8, 0xcf, 0x03, 0x0c, 0x26, 0xcb, 0xd0, 0x2f, 0x34, 0x03, 0xdb,
  0xef, 0xed, 0x09, 0x10, 0x20, 0xe7, 0xdb, 0x25, 0x15, 0x13, 0xfd, 0xde,
  0x3b, 0x13, 0xfe, 0xe4, 0x13, 0xe4, 0xf1, 0x05, 0xf9, 0xfc, 0xd6, 0xfb,
  0x29, 0x23, 0xdf, 0xcc, 0x26, 0x18, 0xd9, 0xcf, 0x0b, 0x0e, 0xf4, 0x1c,
  0x26, 0xee, 0xe2, 0xfa, 0x28, 0x20, 0xd5, 0xfc, 0x0e, 0xfa, 0xd5, 0xea,
  0x0e, 0x11, 0x05, 0x2d, 0x10, 0xed, 0x04, 0x2b, 0x05, 0xff, 0x1f, 0x0b,
  0xcc, 0xe0, 0x18, 0xda, 0xcd, 0xfe, 0xf3, 0x04, 0x05, 0xdc, 0x0c, 0x3b,
  0x03, 0x15, 0x07, 0xf4, 0xef, 0x19, 0xfb, 0xdd, 0xea, 0xfe, 0x00, 0xfb,
  0x07, 0xcc, 0x08, 0x24, 0xff, 0xfa, 0x0c, 0xe2, 0xfe, 0x17, 0xf6, 0xe0,
  0xf9, 0xe9, 0xd6, 0x36, 0xfd, 0xf5, 0xf7, 0x33, 0x22, 0x1b, 0x7e, 0xe4,
  0xfa, 0x2a, 0x0c, 0xe1, 0xe5, 0x23, 0xc2, 0x2a, 0x13, 0xed, 0x05, 0x09,
  0x28, 0x23, 0x39, 0x06, 0xf6, 0x16, 0xf9, 0xe8, 0xe2, 0x0e, 0xf0, 0x22,
  0x17, 0xca, 0x02, 0xfc, 0x26, 0xfa, 0x4c, 0xfc, 0xc7, 0xe1, 0x13, 0xf7,
  0x09, 0x10, 0xf3, 0x0d, 0xfa, 0xeb, 0x1b, 0x2c, 0x05, 0xf6, 0x5e, 0xf0,
  0x09, 0xee, 0x1b, 0x0b, 0x1a, 0x1b, 0x00, 0xfa, 0xf2, 0xfb, 0x10, 0x0c,
  0x1f, 0xfb, 0x58, 0x00, 0x36, 0xf9, 0xfd, 0x15, 0x10, 0x10, 0xea, 0x01,
  0x14, 0x14, 0xdb, 0xf7, 0x1a, 0xf7, 0x20, 0x1a, 0x29, 0x09, 0xeb, 0xe5,
  0x03, 0x04, 0xe3, 0xfc, 0xfe, 0x18, 0xf0, 0xda, 0x1d, 0xed, 0x23, 0x24,
  0x05, 0xfb, 0xe9, 0x05, 0xf4, 0x1d, 0x06, 0xf7, 0xfe, 0x05, 0x06, 0xef,
  0x11, 0xe6, 0x3a, 0x17, 0xfd, 0xf2, 0xd4, 0xfd, 0x0e, 0x20, 0xfa, 0xf6,
  0xff, 0x01, 0x07, 0x08, 0x00, 0xde, 0x49, 0x1c, 0x13, 0xf2, 0xbb, 0xfb,
  0x00, 0x1d, 0xf3, 0xfc, 0x1d, 0xf3, 0xf9, 0x0e, 0xfb, 0xdf, 0x19, 0x11,
  0x34, 0xed, 0xb1, 0xf9, 0x00, 0x13, 0xe1, 0x04, 0x0c, 0x0c, 0xf5, 0xf3,
  0xf8, 0xf7, 0x51, 0x19, 0x0d, 0xf6, 0xf6, 0xde, 0xff, 0x0e, 0x10, 0x07,
  0xf9, 0x1f, 0xfa, 0xf7, 0x0b, 0xea, 0x36, 0x06, 0x3b, 0xf7, 0xcd, 0x02,
  0x00, 0x13, 0x20, 0x08, 0xef, 0xfc, 0xef, 0xee, 0xda, 0xe6, 0x3d, 0x0a,
  0x5c, 0xeb, 0xaa, 0x0b, 0x1c, 0x0e, 0x15, 0x0e, 0xf6, 0xf6, 0xed, 0xf2,
  0xd9, 0xec, 0x13, 0x01, 0x60, 0xfa, 0xd4, 0xeb, 0x03, 0x13, 0x04, 0x07,
  0x1c, 0xe8, 0xe9, 0xf5, 0xf4, 0xe3, 0x0b, 0x07, 0x37, 0x00, 0xe8, 0xf2,
  0x1d, 0xfe, 0x02, 0x0e, 0x0c, 0x08, 0xe4, 0xed, 0xfc, 0xf2, 0x1d, 0x2b,
  0x7d, 0xf3, 0xfd, 0xea, 0xf6, 0xf6, 0x14, 0x23, 0xfd, 0x07, 0xfa, 0xf0,
  0xfd, 0xe7, 0x0b, 0x24, 0x7f, 0xf3, 0xd1, 0x03, 0xfe, 0xef, 0x19, 0x03,
  0x07, 0xf5, 0xfe, 0xe9, 0xd3, 0xf3, 0x0f, 0xfb, 0x3c, 0xfa, 0xbf, 0xf6,
  0x05, 0xe9, 0x0b, 0x05, 0x10, 0xf7, 0x06, 0xf5, 0xf6, 0x03, 0xf3, 0x04,
  0x20, 0x16, 0xfa, 0xf0, 0xfc, 0xef, 0xf4, 0xea, 0x0d, 0x0b, 0xfa, 0xf2,
  0xfe, 0xf1, 0x00, 0x13, 0xe7, 0x01, 0x08, 0xfa, 0x14, 0x1e, 0xec, 0xfe,
  0x05, 0x03, 0xf3, 0xe9, 0x22, 0x11, 0x28, 0x26, 0x2d, 0x17, 0xde, 0xe3,
  0x04, 0x0c, 0x1c, 0xf5, 0x0c, 0xf6, 0x06, 0xeb, 0x0f, 0xea, 0x3d, 0x1a,
  0xee, 0x01, 0xe8, 0x00, 0x0a, 0x02, 0x11, 0xed, 0xf9, 0xff, 0xfe, 0xe5,
  0xed, 0xfb, 0x1c, 0x15, 0xc8, 0xec, 0xd9, 0xee, 0xf8, 0x14, 0x00, 0x00,
  0x13, 0x03, 0xfd, 0x04, 0x01, 0xee, 0x35, 0x0d, 0xd9, 0x04, 0x08, 0xe3,
  0x01, 0x04, 0x0e, 0xfb, 0x0a, 0x07, 0x04, 0x0c, 0xfe, 0xe1, 0x28, 0x18,
  0x20, 0xf1, 0xf3, 0xfb, 0xfb, 0x23, 0xf2, 0x18, 0x01, 0xf2, 0xff, 0x03,
  0x0f, 0xf8, 0x27, 0x03, 0x3e, 0x04, 0xce, 0xed, 0xfa, 0x13, 0x04, 0x04,
  0x04, 0xf1, 0x02, 0x04, 0x0f, 0xed, 0x17, 0x13, 0x70, 0x11, 0xdd, 0x01,
  0xfc, 0x08, 0xf6, 0x01, 0xf8, 0xe5, 0xf0, 0x0b, 0xee, 0xf4, 0x12, 0x19,
  0x17, 0xfe, 0x15, 0xf3, 0xf8, 0x0c, 0x08, 0x12, 0xfe, 0x00, 0xec, 0xf4,
  0xe7, 0xea, 0xfd, 0x21, 0x16, 0x0c, 0xfe, 0xef, 0xf8, 0xf6, 0x0f, 0x04,
  0x0b, 0x00, 0x02, 0x0c, 0xfa, 0xed, 0xf4, 0x19, 0x58, 0x0a, 0xf1, 0xf5,
  0xf6, 0xf3, 0x1d, 0x04, 0xd5, 0x7f, 0x06, 0xc8, 0x40, 0x02, 0x16, 0xbb,
  0x00, 0xe2, 0xd6, 0x1b, 0x12, 0x24, 0x33, 0x07, 0xf6, 0x22, 0x14, 0x2a,
  0x6b, 0x05, 0xab, 0x10, 0x90, 0x00, 0xfa, 0x17, 0x06, 0x0e, 0x23, 0x26,
  0xd4, 0x37, 0xdb, 0x00, 0x35, 0xec, 0x34, 0xeb, 0x17, 0xe8, 0xde, 0x16,
  0x09, 0x35, 0x1f, 0xf4, 0x3e, 0xd9, 0x0c, 0xfc, 0x51, 0x0c, 0xa0, 0x32,
  0xbc, 0xe2, 0xf4, 0x1c, 0xff, 0xdb, 0x0c, 0x01, 0x09, 0x40, 0x17, 0x36,
  0x48, 0x11, 0xc9, 0x30, 0xed, 0x13, 0x07, 0x35, 0xcd, 0xbc, 0x16, 0xfb,
  0xd8, 0x65, 0x10, 0xc1, 0x2e, 0x0a, 0xf7, 0xe7, 0xbf, 0xc3, 0xe6, 0xf3,
  0x2b, 0xfc, 0xea, 0xec, 0x24, 0xdc, 0x13, 0x26, 0x1b, 0x00, 0xd9, 0x0c,
  0x8c, 0x01, 0xf6, 0xd7, 0xf1, 0x11, 0xf1, 0x1b, 0xc5, 0x30, 0xd4, 0x0a,
  0x31, 0xf8, 0x0c, 0x01, 0xd4, 0xd8, 0xfa, 0xdd, 0x1a, 0x02, 0xf7, 0xd7,
  0x2d, 0x13, 0x05, 0xe0, 0x41, 0x07, 0xcb, 0x23, 0xcb, 0xfd, 0x18, 0xf3,
  0x1d, 0x9c, 0xf8, 0x15, 0xd8, 0x68, 0x2a, 0x1a, 0xf4, 0x32, 0x8f, 0x19,
  0xf7, 0xff, 0xed, 0xfd, 0xe5, 0xab, 0xf7, 0x06, 0xeb, 0x2d, 0xfc, 0xd8,
  0x41, 0x15, 0xa3, 0xee, 0xe2, 0xd6, 0xe5, 0xdf, 0x06, 0xca, 0xbc, 0xcf,
  0x06, 0x21, 0x1b, 0x08, 0x11, 0x20, 0xd9, 0x12, 0xdd, 0x0b, 0xe8, 0xf6,
  0x12, 0xe4, 0xd4, 0x07, 0xbf, 0x59, 0xb7, 0xe2, 0x3c, 0x05, 0xdb, 0xfc,
  0xcc, 0xf7, 0xe8, 0xae, 0x1f, 0xd5, 0x14, 0xc8, 0xdb, 0x3c, 0x13, 0xcd,
  0x46, 0xf3, 0xd4, 0xe8, 0xef, 0x07, 0xf0, 0x08, 0x07, 0x8c, 0x0c, 0x21,
  0xa9, 0x18, 0x2b, 0xd3, 0xd0, 0xf6, 0x9f, 0x28, 0x16, 0x12, 0xc3, 0x0a,
  0x06, 0xc2, 0x15, 0x0c, 0xf8, 0x08, 0x00, 0xfc, 0x32, 0x17, 0x94, 0xf7,
  0x1b, 0xd7, 0x09, 0xd3, 0xc4, 0xad, 0x12, 0x0e, 0xc9, 0x51, 0x22, 0xd0,
  0x20, 0x30, 0xcb, 0x25, 0x37, 0xfc, 0xf6, 0xd2, 0xd9, 0x0f, 0xce, 0x05,
  0xd4, 0x1f, 0x16, 0xdf, 0x40, 0x16, 0xe2, 0x04, 0xf8, 0xf4, 0xfe, 0xca,
  0xb5, 0xd1, 0x06, 0x01, 0xf9, 0x5e, 0x32, 0xf5, 0x47, 0x1c, 0xbb, 0x25,
  0xfd, 0xed, 0x11, 0xf4, 0xca, 0xd5, 0xe2, 0x23, 0xeb, 0x0b, 0x35, 0xe2,
  0x14, 0x1b, 0xbf, 0x03, 0x2a, 0x03, 0xd1, 0x11, 0x24, 0xf2, 0x14, 0xf7,
  0xfe, 0x07, 0x14, 0xe7, 0x28, 0xf8, 0xb8, 0xe6, 0xef, 0xe6, 0x18, 0xf2,
  0xb0, 0xc4, 0x46, 0x40, 0x08, 0x61, 0x17, 0xd0, 0x3c, 0x12, 0xa8, 0x1d,
  0xf1, 0xef, 0x1d, 0x07, 0xd2, 0x08, 0xff, 0x29, 0x1f, 0x15, 0x23, 0xcc,
  0x4f, 0x1e, 0x94, 0x1c, 0xd1, 0xdc, 0x35, 0xf1, 0xb1, 0xed, 0xbe, 0xff,
  0x0a, 0xe5, 0x31, 0x13, 0x6b, 0x2c, 0xbf, 0x34, 0xca, 0xc1, 0xfd, 0xe9,
  0xc5, 0xed, 0xdd, 0x15, 0xfd, 0x78, 0x18, 0x28, 0x53, 0x27, 0xea, 0xfe,
  0xf5, 0xe9, 0xc1, 0x0b, 0x07, 0xce, 0x14, 0x15, 0x04, 0x1a, 0x05, 0xdd,
  0xf1, 0xdc, 0x14, 0xc3, 0xd9, 0x1f, 0x29, 0xf3, 0x17, 0xe0, 0xf9, 0x05,
  0xf8, 0xfd, 0x0d, 0x0f, 0xff, 0xe8, 0x0b, 0x07, 0xda, 0x0b, 0xf3, 0x07,
  0x0a, 0xf3, 0xee, 0x07, 0xed, 0x07, 0xd6, 0xf1, 0xff, 0xed, 0x1c, 0xf7,
  0xde, 0x1b, 0x39, 0x12, 0x05, 0xe9, 0xc7, 0x0d, 0x0a, 0xe3, 0xce, 0x06,
  0x10, 0xf0, 0x1a, 0x0d, 0xbd, 0xfe, 0x32, 0x0d, 0x28, 0xf8, 0xf7, 0xf1,
  0x05, 0x0b, 0xe7, 0x06, 0xee, 0xf4, 0x09, 0x16, 0xdd, 0xfb, 0x24, 0x02,
  0x0c, 0xda, 0xf7, 0x11, 0x0e, 0x00, 0xfc, 0x0b, 0xf4, 0xf2, 0xf4, 0xc5,
  0xec, 0x12, 0x4d, 0xf0, 0x1a, 0xed, 0x02, 0xfb, 0xfd, 0x0f, 0xee, 0x0e,
  0xe3, 0xf7, 0x15, 0xf6, 0xff, 0x10, 0x51, 0xfa, 0x01, 0xd6, 0x0e, 0x0e,
  0xe7, 0x27, 0xe6, 0x00, 0x0b, 0xee, 0x1b, 0xfd, 0xd8, 0x05, 0x57, 0xfa,
  0xf1, 0xd9, 0xe0, 0x1d, 0x02, 0x2a, 0xda, 0xef, 0x0e, 0xfd, 0x0e, 0x12,
  0xf2, 0x1a, 0x27, 0x0e, 0x17, 0xe0, 0x06, 0xf3, 0x0e, 0x0a, 0xff, 0xef,
  0x05, 0xff, 0xe0, 0x38, 0xd4, 0x04, 0x41, 0xff, 0x07, 0xf7, 0xf2, 0x12,
  0xfb, 0xfb, 0x09, 0x0d, 0xef, 0xe8, 0x15, 0xda, 0xf1, 0x0c, 0xe4, 0xdd,
  0x04, 0xfb, 0xd4, 0x0c, 0xeb, 0xfd, 0x11, 0x0f, 0xe1, 0xfa, 0xf2, 0x16,
  0xea, 0x14, 0xc3, 0xf5, 0x2e, 0xd4, 0xef, 0x35, 0x01, 0x04, 0xfd, 0x1d,
  0x08, 0xfb, 0xdb, 0x1a, 0xbd, 0xf8, 0x16, 0xe9, 0xbf, 0xce, 0xfc, 0x01,
  0x07, 0x23, 0x08, 0xfe, 0x09, 0xfc, 0xef, 0x19, 0xd7, 0x04, 0x04, 0x06,
  0x41, 0xeb, 0xe6, 0x08, 0x0d, 0xee, 0xf2, 0xfb, 0x10, 0xf2, 0x17, 0x32,
  0xde, 0x02, 0xf8, 0x05, 0x0f, 0xf2, 0xf7, 0x02, 0xfa, 0x02, 0x20, 0x09,
  0xf1, 0xe5, 0x08, 0xf4, 0xd9, 0x15, 0xd5, 0xf2, 0x2b, 0xf9, 0xef, 0x0b,
  0xdc, 0x0f, 0x1a, 0x11, 0xf2, 0xf5, 0x25, 0x0c, 0xbd, 0x0e, 0x1e, 0xf8,
  0x01, 0xef, 0xe3, 0x19, 0xf5, 0x05, 0x0a, 0x11, 0xfa, 0xf9, 0x18, 0xf7,
  0xd6, 0xea, 0x45, 0xd2, 0xef, 0xd0, 0xe8, 0x09, 0x0f, 0x00, 0x26, 0xf4,
  0x0c, 0xe6, 0x32, 0x21, 0xc5, 0x0a, 0xd4, 0xe0, 0x11, 0xea, 0x09, 0x1e,
  0x04, 0xf6, 0xfe, 0x04, 0x13, 0xfa, 0x11, 0x28, 0xa9, 0xfc, 0x13, 0xe0,
  0x02, 0x0d, 0xf7, 0xfe, 0xd8, 0x0d, 0x0b, 0xf2, 0xf1, 0xf0, 0xf6, 0xf3,
  0xba, 0x16, 0x5e, 0x0e, 0x1d, 0xdd, 0xf3, 0x0a, 0xe3, 0x16, 0xfb, 0x18,
  0xff, 0xf5, 0x31, 0xe1, 0xaf, 0x03, 0x68, 0x0a, 0x1b, 0x03, 0xd3, 0xf5,
  0xee, 0x04, 0x2d, 0x1e, 0xf6, 0xe5, 0x20, 0xef, 0xda, 0x0e, 0x35, 0x05,
  0x30, 0x0c, 0xe5, 0x0f, 0xf8, 0xf4, 0x2a, 0x05, 0x0a, 0xf3, 0x21, 0x19,
  0xcd, 0x04, 0x37, 0x0e, 0x1e, 0x06, 0x0d, 0x16, 0x03, 0xf3, 0x1a, 0xf4,
  0xf3, 0xeb, 0x23, 0x0a, 0xe2, 0xec, 0x7f, 0xe4, 0xdd, 0xe9, 0xfc, 0xfb,
  0x11, 0x0f, 0x20, 0xf6, 0x08, 0x08, 0x1c, 0x0e, 0x20, 0xe8, 0x06, 0xe5,
  0xef, 0x05, 0x0d, 0xf1, 0xfe, 0x30, 0x00, 0x0c, 0x30, 0x01, 0x35, 0x17,
  0x25, 0xde, 0xcb, 0x12, 0xee, 0x25, 0x04, 0xe8, 0xe8, 0x3b, 0x02, 0xf6,
  0x0e, 0x00, 0x2c, 0x23, 0x30, 0xe5, 0xb7, 0x0d, 0x01, 0x15, 0xf8, 0xf6,
  0x15, 0x3c, 0x04, 0xea, 0x00, 0xfa, 0x08, 0x11, 0x47, 0xe5, 0xd3, 0xf7,
  0x0a, 0xee, 0xff, 0x13, 0x2a, 0x28, 0xff, 0xef, 0x02, 0x00, 0x16, 0x1b,
  0x3e, 0x06, 0xca, 0xfa, 0xd9, 0xf7, 0x18, 0xf4, 0x1a, 0xfe, 0xfc, 0x09,
  0x1d, 0xfd, 0x24, 0x24, 0x25, 0xe1, 0xfa, 0xf1, 0xde, 0x19, 0xff, 0x07,
  0xf3, 0x28, 0xf9, 0x04, 0x17, 0x05, 0x1a, 0x28, 0x39, 0xe4, 0xc2, 0xfe,
  0xcc, 0xff, 0x09, 0xfe, 0xe7, 0x2f, 0x0d, 0xe6, 0xfb, 0xfe, 0x0f, 0xfa,
  0x47, 0xf4, 0xb7, 0xf1, 0xd5, 0xff, 0xf9, 0xf5, 0x01, 0x2e, 0x24, 0xf4,
  0xe9, 0xfc, 0x04, 0xf0, 0x14, 0x03, 0xeb, 0xf8, 0xe7, 0xda, 0xf4, 0xec,
  0x16, 0x21, 0x13, 0xf2, 0xf5, 0x03, 0x0e, 0xfb, 0x1c, 0x08, 0xc9, 0x01,
  0xcf, 0x0c, 0xf3, 0xf6, 0x11, 0xfd, 0x0d, 0xfb, 0x0b, 0x00, 0x01, 0x2a,
  0x33, 0xf1, 0xe8, 0xed, 0xea, 0xf4, 0xff, 0xf5, 0xfe, 0x1e, 0xff, 0xeb,
  0xff, 0xfe, 0x01, 0x07, 0x2b, 0xf2, 0xe7, 0xf9, 0xe4, 0xea, 0x00, 0xf4,
  0x02, 0x14, 0x11, 0xe2, 0x02, 0x0c, 0xf1, 0xf3, 0x23, 0xe5, 0xdc, 0x0e,
  0xdf, 0xec, 0xf2, 0xf3, 0x14, 0x22, 0x21, 0xf9, 0x06, 0xfa, 0x02, 0xf5,
  0xec, 0xfb, 0xe4, 0x0b, 0xee, 0xee, 0xf6, 0xd3, 0x1c, 0x14, 0x1b, 0x08,
  0x05, 0xf7, 0x11, 0xfe, 0xfd, 0xf5, 0xd0, 0x19, 0xf4, 0xf8, 0xfb, 0xe9,
  0x01, 0x04, 0x21, 0xfd, 0xf1, 0x04, 0xfd, 0x3b, 0x15, 0xfd, 0xd6, 0xec,
  0x0d, 0x0e, 0xe9, 0xfd, 0x0c, 0x17, 0x2f, 0xe6, 0xf0, 0x0f, 0x04, 0x21,
  0x12, 0xf8, 0xf6, 0xef, 0xf8, 0xdf, 0x05, 0x00, 0x0d, 0x0a, 0x32, 0xec,
  0xed, 0x07, 0xfe, 0x1f, 0x12, 0xf2, 0xf9, 0x0a, 0xf7, 0xfc, 0x09, 0xf5,
  0x08, 0x0a, 0x28, 0x06, 0xed, 0xf1, 0x15, 0x13, 0x1d, 0xda, 0xd3, 0xf7,
  0xf9, 0x1f, 0x04, 0xe8, 0x0e, 0x02, 0xf5, 0x16, 0xf8, 0xf4, 0x06, 0x08,
  0x33, 0xec, 0xb6, 0x1e, 0x04, 0x09, 0xf0, 0x0f, 0x06, 0x17, 0x03, 0x05,
  0x10, 0xfe, 0x2d, 0x29, 0x21, 0xfe, 0xd1, 0x03, 0xfb, 0x19, 0xee, 0xef,
  0x16, 0xf7, 0x0f, 0xd7, 0x12, 0xff, 0x0a, 0x3f, 0x26, 0xfe, 0xd3, 0xfb,
  0xf5, 0x17, 0x0e, 0xdc, 0x24, 0xcb, 0x04, 0xe8, 0x01, 0xf4, 0xfa, 0x36,
  0x45, 0xea, 0xde, 0xff, 0xf9, 0x09, 0x15, 0xcc, 0x0d, 0xd7, 0xef, 0x0e,
  0x01, 0xe9, 0xe0, 0x2c, 0x7f, 0xd0, 0xf2, 0x0c, 0xfa, 0x24, 0xfd, 0xe5,
  0x21, 0xea, 0x04, 0x0d, 0xf6, 0xf9, 0xf5, 0x22, 0x3f, 0xe2, 0xe1, 0xfa,
  0x25, 0x16, 0xff, 0x02, 0x1c, 0x1e, 0xba, 0x13, 0xf6, 0xee, 0x34, 0x2d,
  0xfe, 0xd0, 0xd3, 0x1c, 0xfb, 0x28, 0xed, 0x1d, 0xf6, 0x3b, 0xee, 0x04,
  0x10, 0x00, 0x15, 0x14, 0xfd, 0xf3, 0xaa, 0x1b, 0x27, 0xf4, 0x3b, 0xea,
  0xf1, 0x1c, 0xee, 0x26, 0x0c, 0xdd, 0xec, 0x32, 0x26, 0xdf, 0xb7, 0x1b,
  0x38, 0x18, 0x0c, 0xf4, 0x37, 0x21, 0xb7, 0x36, 0xf9, 0xe4, 0x05, 0x19,
  0x0d, 0x1e, 0xf3, 0x00, 0x5a, 0xf8, 0xf0, 0xfd, 0x0b, 0xf6, 0xbc, 0xf3,
  0xfe, 0xf1, 0xfa, 0x22, 0x28, 0x03, 0xd3, 0x1b, 0x5a, 0x09, 0xee, 0xef,
  0x02, 0x46, 0xca, 0x13, 0xb0, 0xf9, 0x0f, 0x3a, 0x79, 0x13, 0xe7, 0x0f,
  0xfb, 0xd8, 0x03, 0x19, 0xe7, 0x04, 0xe8, 0xf6, 0xf5, 0x07, 0x01, 0x2c,
  0x05, 0xfb, 0xd4, 0x1f, 0xd6, 0xe6, 0x11, 0x03, 0xe9, 0x35, 0x21, 0x05,
  0xee, 0x03, 0x00, 0x3f, 0xc2, 0xf9, 0xd2, 0x14, 0x08, 0x19, 0xfd, 0xd3,
  0xfc, 0x39, 0x25, 0x1c, 0x01, 0x03, 0x3a, 0x31, 0xfb, 0x11, 0xe1, 0xf0,
  0x0f, 0x30, 0x00, 0xf0, 0xf5, 0xe4, 0xf7, 0x16, 0xe8, 0xd3, 0x3a, 0x12,
  0x1a, 0xc2, 0x0d, 0x08, 0x28, 0xdb, 0xc7, 0xc8, 0x20, 0x3a, 0xe1, 0x0f,
  0xce, 0x05, 0x3f, 0x21, 0x31, 0x0b, 0xbf, 0xe5, 0xe2, 0xf9, 0xee, 0xdc,
  0x19, 0x45, 0x05, 0xf7, 0xe3, 0xe2, 0x23, 0xd3, 0xef, 0xec, 0xb7, 0x1b,
  0xff, 0xf5, 0xff, 0xfc, 0xea, 0x37, 0x1f, 0xf3, 0xcb, 0xe4, 0x24, 0xdf,
  0xc4, 0xcd, 0xc0, 0xef, 0x2c, 0x0c, 0x26, 0xf9, 0x07, 0x0b, 0xf5, 0x1e,
  0x00, 0xf1, 0x0c, 0x26, 0x56, 0x01, 0xf7, 0xf0, 0x46, 0x18, 0x14, 0xeb,
  0xfb, 0x04, 0xc5, 0x18, 0x04, 0xdf, 0x16, 0x38, 0x60, 0x04, 0xfd, 0xfe,
  0x2d, 0x2a, 0xf0, 0xeb, 0x23, 0x23, 0x07, 0x20, 0xe1, 0xfd, 0x04, 0x0e,
  0x5f, 0x09, 0x0e, 0xea, 0xfa, 0x14, 0xf1, 0x03, 0xef, 0x08, 0x08, 0xe0,
  0xd0, 0xe8, 0xf4, 0x1d, 0x26, 0xfc, 0xef, 0x1d, 0x10, 0xde, 0xff, 0xee,
  0xf6, 0x09, 0xf0, 0xee, 0xbb, 0x22, 0xf2, 0x3a, 0xcb, 0x0f, 0xf6, 0x11,
  0x21, 0xdb, 0x1f, 0x03, 0x11, 0xf3, 0xfa, 0x10, 0xfd, 0x07, 0x02, 0x2c,
  0xe0, 0x0b, 0xea, 0xf8, 0x1d, 0x1f, 0xf7, 0xe3, 0xfb, 0x14, 0x08, 0x23,
  0xe6, 0xfa, 0x0c, 0x36, 0xdc, 0xf0, 0xd3, 0xfd, 0x19, 0x21, 0xd9, 0xd9,
  0x3c, 0x1b, 0x18, 0xfa, 0xfa, 0x03, 0x2d, 0x15, 0x45, 0x22, 0xe8, 0xda,
  0x21, 0x06, 0x06, 0xde, 0xd7, 0xee, 0x01, 0xdd, 0xf6, 0xdf, 0x18, 0x2c,
  0x0e, 0xff, 0x05, 0x2f, 0x15, 0x00, 0x03, 0xe6, 0x07, 0x02, 0xdc, 0xd3,
  0xc9, 0x05, 0xf7, 0x06, 0x81, 0xfd, 0xe6, 0x07, 0x26, 0x18, 0x00, 0xec,
  0xfc, 0x24, 0xec, 0x17, 0xdc, 0xf9, 0x19, 0x22, 0x09, 0xf4, 0xcc, 0x01,
  0x13, 0x15, 0xf4, 0xfe, 0xf9, 0x17, 0x0c, 0x32, 0xec, 0xe0, 0x06, 0x19,
  0x69, 0xe0, 0xed, 0xfd, 0x27, 0xc1, 0x0f, 0x08, 0xf0, 0x26, 0xea, 0x0a,
  0xf7, 0x0f, 0xf0, 0xcc, 0xbe, 0x0b, 0xfb, 0x9c, 0xfd, 0xf8, 0xea, 0xe7,
  0xdb, 0x16, 0xf8, 0x0f, 0xfd, 0xff, 0x30, 0xa5, 0xda, 0xef, 0x01, 0xe0,
  0x28, 0x11, 0xe6, 0xe4, 0xd9, 0x1c, 0xea, 0x03, 0x04, 0xfc, 0x36, 0xe5,
  0xdd, 0xea, 0xf8, 0xf1, 0x10, 0x02, 0x1b, 0xf2, 0xdf, 0x20, 0xc3, 0xfb,
  0x48, 0x19, 0x05, 0xf3, 0xc5, 0x04, 0xa8, 0xc7, 0x13, 0x14, 0x18, 0x0d,
  0xeb, 0x2c, 0xd8, 0x0f, 0x2c, 0x1f, 0xec, 0xeb, 0xe8, 0xeb, 0xc4, 0xb7,
  0x39, 0xe9, 0x17, 0x1b, 0x17, 0x0c, 0xf4, 0xeb, 0x49, 0x16, 0xd8, 0xee,
  0xee, 0xec, 0x06, 0xb4, 0xeb, 0xf4, 0x40, 0x26, 0xf3, 0x36, 0xdf, 0x19,
  0x4f, 0x23, 0x0a, 0xbb, 0xe3, 0xea, 0xf6, 0xb9, 0xf6, 0x15, 0x08, 0xc8,
  0x02, 0xf7, 0xe0, 0x45, 0x18, 0x03, 0x23, 0x12, 0xed, 0xe3, 0xfc, 0xce,
  0x43, 0x15, 0x0f, 0xf8, 0xc0, 0xfc, 0xdf, 0x20, 0x29, 0x04, 0x0d, 0x1c,
  0xe3, 0x0f, 0xb3, 0xf6, 0x43, 0xf7, 0x1f, 0x15, 0xd8, 0xfc, 0xc4, 0xfd,
  0x78, 0x0c, 0xda, 0x06, 0xc3, 0x08, 0xd0, 0xd1, 0x2a, 0x2b, 0x1f, 0x15,
  0x17, 0x12, 0xff, 0xfc, 0x3b, 0xf8, 0xe8, 0xfa, 0x46, 0xfa, 0x12, 0xce,
  0x12, 0xfa, 0x32, 0xfa, 0x14, 0x2a, 0x2a, 0x0c, 0x57, 0x19, 0xe1, 0x04,
  0x17, 0xf7, 0xe0, 0xc4, 0xdf, 0x25, 0x2f, 0xf9, 0x1b, 0xef, 0x15, 0x2f,
  0x26, 0x1d, 0xb3, 0x23, 0xf7, 0xe0, 0xd8, 0xba, 0x1b, 0x42, 0x07, 0xc4,
  0xdc, 0xf2, 0x26, 0x23, 0xfc, 0x40, 0xd6, 0x0a, 0x0e, 0x0b, 0xca, 0x07,
  0x7f, 0x1e, 0x00, 0x08, 0xc5, 0xee, 0xe9, 0x0a, 0x35, 0xf8, 0xde, 0x0f,
  0xf1, 0x30, 0xfa, 0x12, 0xf5, 0x0e, 0x14, 0x0b, 0x18, 0xeb, 0xff, 0x32,
  0x24, 0xf6, 0xff, 0x33, 0x4d, 0xd7, 0x06, 0xcf, 0x20, 0xe6, 0x2d, 0xf4,
  0xff, 0x08, 0x49, 0x05, 0x57, 0x03, 0xb9, 0x2d, 0xe2, 0xfe, 0xe5, 0xf6,
  0x06, 0x11, 0x26, 0xf5, 0xde, 0xdd, 0x36, 0x28, 0x60, 0x19, 0xb8, 0x32,
  0xd8, 0xec, 0xad, 0xfe, 0xe2, 0x5b, 0x1b, 0xe9, 0xee, 0xf4, 0x25, 0x47,
  0x11, 0x1f, 0xba, 0x1c, 0xe3, 0xf6, 0xf3, 0xe3, 0x25, 0x4b, 0xee, 0x22,
  0xd9, 0xe4, 0x0a, 0x4a, 0x11, 0xfa, 0xcf, 0x1d, 0x03, 0xfe, 0x1c, 0x0e,
  0x18, 0xfc, 0xe0, 0xdd, 0xd4, 0xe2, 0x03, 0x33, 0xe8, 0x13, 0xcd, 0x2f,
  0xcc, 0xcd, 0x0f, 0xc6, 0x11, 0xfe, 0xa7, 0xe1, 0xd6, 0x03, 0xfd, 0x36,
  0x33, 0xfa, 0xc6, 0x22, 0xd9, 0xef, 0xdf, 0x01, 0x50, 0x15, 0xd0, 0x00,
  0xd5, 0xeb, 0xf5, 0x43, 0x49, 0xf3, 0xab, 0x15, 0xb8, 0x06, 0xee, 0xfa,
  0x1c, 0x48, 0xd7, 0x05, 0xde, 0xe0, 0xf9, 0xef, 0x2c, 0xf4, 0xb7, 0x34,
  0xb1, 0xfd, 0xe9, 0xed, 0x07, 0x63, 0xcf, 0x11, 0xe2, 0xf4, 0xcd, 0x19,
  0x10, 0xc5, 0xd7, 0x24, 0xf1, 0x0a, 0xe6, 0xd6, 0xe0, 0xe9, 0x22, 0x0e,
  0x21, 0xd9, 0x0d, 0xf6, 0xf1, 0x07, 0xbc, 0x87, 0xb5, 0x29, 0xe8, 0x06,
  0xf7, 0x0a, 0x3f, 0xec, 0x33, 0xbf, 0xfe, 0xf9, 0xcb, 0x05, 0x02, 0xba,
  0xe6, 0x0b, 0xc2, 0xef, 0x18, 0x41, 0x20, 0xf2, 0xe8, 0xd2, 0x24, 0x08,
  0xbb, 0x05, 0xda, 0xa0, 0xe0, 0x1a, 0x05, 0xcd, 0xf2, 0x07, 0xff, 0x0a,
  0x0e, 0xe5, 0x3d, 0x1a, 0xc9, 0xf2, 0xc8, 0x81, 0x02, 0x19, 0x16, 0xb5,
  0xdb, 0xe1, 0xca, 0x2a, 0x2d, 0x00, 0x01, 0x0b, 0xeb, 0x17, 0xe8, 0xb1,
  0x0f, 0x22, 0x19, 0xc4, 0xef, 0xf4, 0x0d, 0x0f, 0x2e, 0x93, 0xe8, 0x09,
  0x37, 0x14, 0x9f, 0xa0, 0xf9, 0x30, 0xd3, 0xff, 0x24, 0xf4, 0x1c, 0x02,
  0x2f, 0xdc, 0x17, 0xf3, 0x22, 0xfb, 0xe3, 0xd6, 0x06, 0xfd, 0x08, 0x01,
  0x03, 0x2d, 0x30, 0x1e, 0x13, 0xff, 0xf2, 0x14, 0xf0, 0xf4, 0x0b, 0xe6,
  0x07, 0x23, 0x32, 0xeb, 0x0a, 0x15, 0x15, 0x07, 0xf9, 0xe2, 0x16, 0x2d,
  0xf8, 0xfe, 0xd9, 0xc9, 0x30, 0x06, 0x25, 0x06, 0xe2, 0xd0, 0xec, 0x09,
  0x30, 0xf0, 0x36, 0x04, 0x09, 0x07, 0xd4, 0xb0, 0x1c, 0xcf, 0x59, 0xf0,
  0xbd, 0xf7, 0xd0, 0x0e, 0xf8, 0xde, 0xea, 0x05, 0x10, 0x37, 0xa1, 0xb1,
  0x0e, 0x27, 0xa3, 0xb4, 0x28, 0xd6, 0xb6, 0x12, 0x2f, 0x07, 0x23, 0x16,
  0x24, 0xf2, 0xe6, 0xdf, 0x16, 0x02, 0x00, 0xfb, 0x36, 0xf8, 0x19, 0xf8,
  0xe8, 0x50, 0x52, 0x13, 0x36, 0x09, 0x38, 0x0f, 0x5d, 0xef, 0x36, 0x07,
  0xd5, 0x10, 0x44, 0xfe, 0x21, 0x25, 0x18, 0x18, 0x1b, 0x1d, 0xe7, 0xf0,
  0x7b, 0x03, 0xfa, 0x10, 0xbe, 0xe1, 0x37, 0x13, 0x25, 0xc6, 0xe2, 0x02,
  0xfb, 0x2a, 0xdf, 0x98, 0x34, 0xf4, 0x06, 0xce, 0xd1, 0x17, 0x1d, 0x15,
  0x17, 0x04, 0x24, 0x32, 0x02, 0x1f, 0xa7, 0xd3, 0x4d, 0x1d, 0xe1, 0xdb,
  0xc1, 0x99, 0xdf, 0x08, 0x29, 0x11, 0x2b, 0x28, 0xf8, 0x10, 0xda, 0xf9,
  0x52, 0xfb, 0x04, 0xed, 0x22, 0xc9, 0xe8, 0xf5, 0xe3, 0x32, 0x23, 0xd9,
  0xf1, 0xfd, 0xe1, 0xea, 0x45, 0x15, 0x1c, 0x00, 0xfc, 0xf6, 0x2c, 0xff,
  0xf8, 0x22, 0x18, 0x38, 0x05, 0x21, 0xd7, 0xf7, 0x62, 0x23, 0xf4, 0xf2,
  0xeb, 0xeb, 0x30, 0x01, 0x1b, 0xe0, 0x06, 0xfc, 0x00, 0x02, 0xdb, 0xaf,
  0x3b, 0x11, 0xfc, 0xd3, 0xfd, 0xf7, 0x14, 0x29, 0x3d, 0xfc, 0x1a, 0x20,
  0xf4, 0x30, 0x9b, 0xe9, 0x39, 0x10, 0xf1, 0x24, 0xe6, 0xd8, 0xd7, 0x27,
  0x42, 0xb0, 0x28, 0x19, 0xe3, 0xf7, 0xaa, 0xd8, 0x3f, 0x09, 0x0a, 0x17,
  0xc9, 0x0b, 0xce, 0xf6, 0x17, 0xc0, 0x04, 0xe6, 0xe5, 0xf9, 0xb1, 0xf2,
  0x3b, 0xfa, 0x11, 0x0e, 0xf3, 0x10, 0xf0, 0xea, 0x0b, 0xd1, 0x37, 0x23,
  0xfa, 0x18, 0xb5, 0xd9, 0x16, 0x09, 0xf9, 0x1e, 0x1a, 0xf2, 0x15, 0xfb,
  0x2f, 0x01, 0x47, 0x23, 0x14, 0x12, 0xca, 0xc8, 0xff, 0x21, 0x05, 0xf2,
  0x41, 0xf2, 0xe4, 0x00, 0xce, 0x3b, 0xf0, 0x23, 0xe1, 0xec, 0xd2, 0x17,
  0xa1, 0xc9, 0x11, 0x0d, 0x21, 0xec, 0xeb, 0xfb, 0xee, 0x62, 0xdd, 0x30,
  0xf2, 0x10, 0xe0, 0x01, 0xd9, 0x08, 0xfe, 0x0d, 0x2e, 0x12, 0x0e, 0xdf,
  0xd4, 0x32, 0x0c, 0x26, 0x07, 0x15, 0xe9, 0x14, 0xc9, 0xf1, 0x16, 0xf3,
  0xe1, 0xf3, 0x31, 0x0b, 0xf0, 0x5c, 0x13, 0x0c, 0x16, 0x1f, 0xcd, 0xf6,
  0xcc, 0xe9, 0x00, 0xf4, 0xdc, 0xe6, 0x1a, 0x02, 0xf8, 0x30, 0x03, 0x37,
  0xed, 0x1b, 0xde, 0x16, 0xf5, 0xe2, 0xf5, 0x01, 0x43, 0xfd, 0x11, 0x19,
  0xe7, 0xe2, 0xee, 0x25, 0xe3, 0x06, 0xaa, 0xff, 0xe3, 0xd4, 0x3b, 0xf6,
  0x4b, 0x06, 0x0b, 0xfe, 0x0c, 0xf7, 0xf4, 0x12, 0x0b, 0x06, 0xc7, 0xe0,
  0xe3, 0x09, 0x4b, 0x0f, 0x46, 0x1f, 0x06, 0xe9, 0xfd, 0xe7, 0xcd, 0x06,
  0x06, 0xf7, 0xf5, 0x1c, 0x0e, 0xed, 0x19, 0x03, 0x38, 0x26, 0xde, 0x02,
  0xe6, 0xd0, 0xdc, 0x0d, 0xf8, 0x06, 0xc0, 0x1d, 0xd0, 0xe6, 0xfc, 0x25,
  0x18, 0xf9, 0xf4, 0x13, 0xed, 0x0d, 0xfd, 0x39, 0x39, 0x17, 0xb9, 0x13,
  0xe8, 0xeb, 0xe7, 0x2a, 0x3b, 0x3b, 0x3e, 0xf0, 0x08, 0x14, 0x17, 0x3c,
  0xfa, 0x13, 0xde, 0xd8, 0xc0, 0xb7, 0xd7, 0xfb, 0x14, 0x3e, 0x2d, 0xf0,
  0x02, 0x01, 0x00, 0x18, 0x00, 0x11, 0xfa, 0xf4, 0xb8, 0x07, 0xe3, 0x01,
  0x08, 0x2b, 0xf7, 0xdd, 0x02, 0xc5, 0x13, 0xda, 0xfb, 0x0c, 0xda, 0x47,
  0xc6, 0xe4, 0x07, 0x03, 0x3b, 0x18, 0x0d, 0xef, 0xd5, 0xfa, 0xec, 0x26,
  0x18, 0x08, 0xe5, 0x45, 0xbb, 0xda, 0x10, 0x26, 0x33, 0x0f, 0x03, 0x16,
  0xf0, 0xf6, 0xeb, 0x1a, 0x25, 0x0a, 0xad, 0x34, 0xe3, 0xf4, 0x37, 0x19,
  0x48, 0x51, 0x12, 0xc7, 0xe1, 0x05, 0xec, 0x2f, 0x07, 0xdf, 0xe6, 0x21,
  0xc9, 0xd1, 0xb2, 0x27, 0x16, 0x0b, 0xfc, 0xda, 0xfa, 0xbd, 0xf7, 0x08,
  0xf1, 0xed, 0xd9, 0x2d, 0x94, 0xec, 0xf7, 0x38, 0x35, 0x04, 0x04, 0xef,
  0xf5, 0xe3, 0x12, 0xf3, 0x0a, 0xf3, 0xd8, 0x13, 0x9a, 0xd4, 0x2f, 0x1e,
  0x33, 0x03, 0x17, 0x08, 0xf4, 0xfe, 0x22, 0xf4, 0xf2, 0xf2, 0x01, 0x14,
  0xa3, 0xb9, 0x37, 0x16, 0x0d, 0x3a, 0x11, 0x05, 0x04, 0xea, 0xfe, 0x16,
  0xfa, 0xfc, 0xb3, 0x50, 0xc5, 0xcf, 0x34, 0x0a, 0x3f, 0x02, 0xde, 0xfc,
  0xf7, 0x09, 0x0f, 0x17, 0xf0, 0xf6, 0xd0, 0xf8, 0xba, 0xe1, 0x24, 0xf1,
  0x45, 0xff, 0x01, 0xf4, 0x06, 0xf3, 0x00, 0xff, 0xfc, 0x07, 0xc8, 0x02,
  0x93, 0xea, 0x3d, 0x09, 0x3a, 0x35, 0x15, 0xea, 0xdf, 0x1d, 0xd8, 0x03,
  0x20, 0x00, 0xfe, 0x18, 0xc2, 0xe4, 0x20, 0xe7, 0x19, 0x62, 0xf2, 0xfe,
  0xda, 0x12, 0xf2, 0x0d, 0x0d, 0x05, 0xfc, 0x25, 0x81, 0xd8, 0x30, 0x1b,
  0x1f, 0x4c, 0xe4, 0x1d, 0xea, 0xf2, 0xeb, 0x1b, 0xfd, 0xfc, 0xde, 0x36,
  0xda, 0xdb, 0x42, 0x08, 0xfb, 0xea, 0xe1, 0x19, 0x12, 0xf7, 0x22, 0x0a,
  0xd4, 0x20, 0x09, 0x00, 0x0b, 0xeb, 0xf3, 0x1a, 0xe2, 0xda, 0x02, 0x3b,
  0x24, 0xf9, 0x44, 0x14, 0xdb, 0x10, 0x23, 0xef, 0x0e, 0xd6, 0x0b, 0x21,
  0xbd, 0xef, 0xde, 0x7f, 0x25, 0xf2, 0x2a, 0x4a, 0xc9, 0x3d, 0x13, 0x3c,
  0xdc, 0xda, 0xe1, 0x16, 0xd7, 0x20, 0xb4, 0x58, 0xef, 0x30, 0xc7, 0x24,
  0x07, 0x45, 0x07, 0x37, 0xd6, 0x0d, 0x0c, 0x1e, 0xdc, 0x1a, 0xf2, 0x3a,
  0x13, 0x37, 0x16, 0x2b, 0x1a, 0x3b, 0xd5, 0x25, 0xcb, 0xe0, 0x06, 0xe7,
  0xba, 0xfd, 0x11, 0x0c, 0x1f, 0xfd, 0x2b, 0xec, 0xb9, 0x1c, 0x0e, 0x0e,
  0x28, 0xcf, 0xd4, 0x0d, 0xa8, 0xbd, 0x26, 0x3b, 0x52, 0x24, 0x1b, 0xde,
  0xc7, 0x05, 0x33, 0xfa, 0x02, 0xbb, 0x1b, 0xfc, 0xaa, 0xcd, 0xf9, 0x2f,
  0x38, 0x12, 0x0d, 0xd1, 0xc2, 0x2f, 0x03, 0x33, 0x14, 0x9c, 0x35, 0x00,
  0xa1, 0xea, 0x08, 0x22, 0xf8, 0x61, 0xe7, 0xab, 0x3c, 0x12, 0x3f, 0x3c,
  0xf4, 0xeb, 0x16, 0x09, 0xcb, 0xbf, 0x0a, 0x10, 0x05, 0x53, 0x0d, 0xe9,
  0x57, 0xf2, 0xe2, 0x27, 0xe5, 0xc6, 0xf4, 0xdb, 0x86, 0x18, 0x27, 0x13,
  0x12, 0x15, 0x40, 0xf4, 0xc1, 0xf0, 0xfe, 0x1d, 0x11, 0xd0, 0x1c, 0x23,
  0xa8, 0xbb, 0x67, 0x37, 0x18, 0x2e, 0x48, 0xc6, 0xce, 0xe6, 0x29, 0xfa,
  0xdf, 0xba, 0x14, 0x26, 0xdc, 0xcd, 0x2d, 0x34, 0xef, 0x34, 0x2d, 0xc8,
  0x11, 0xfc, 0x33, 0x16, 0xce, 0xb2, 0x10, 0x29, 0xa9, 0x03, 0x23, 0x28,
  0x0c, 0x46, 0xfd, 0x9a, 0x60, 0xf2, 0x50, 0x39, 0xcb, 0xeb, 0x29, 0x23,
  0xc5, 0xaa, 0x26, 0x1f, 0xfa, 0x49, 0x14, 0xda, 0x56, 0xe3, 0xfc, 0x31,
  0xd1, 0xc7, 0x0e, 0x15, 0x8a, 0x3e, 0x30, 0x14, 0x48, 0xe7, 0x2b, 0x00,
  0xa4, 0xf1, 0x04, 0x39, 0xe8, 0xdd, 0x4e, 0x20, 0xb7, 0xd0, 0x2f, 0x45,
  0x27, 0x2d, 0x3a, 0xca, 0xb1, 0xfa, 0x13, 0xde, 0x03, 0xb0, 0x47, 0x0e,
  0xb0, 0xd3, 0x20, 0x46, 0x18, 0x06, 0x24, 0xc4, 0x03, 0xed, 0x33, 0xf6,
  0xcb, 0xae, 0x42, 0x30, 0x97, 0xc7, 0x22, 0x2d, 0x09, 0x26, 0xea, 0xb0,
  0x1c, 0xe0, 0x63, 0x29, 0x97, 0xcd, 0x15, 0x00, 0xc0, 0xbe, 0x17, 0x0e,
  0x01, 0x3b, 0x0a, 0xdf, 0x27, 0xef, 0xfd, 0x16, 0xd2, 0xce, 0x11, 0x22,
  0xa9, 0x5c, 0x0b, 0x1a, 0x3c, 0xca, 0x0b, 0xdd, 0xbe, 0xcf, 0xe3, 0x3d,
  0x07, 0xb5, 0x3a, 0x26, 0xc1, 0xd3, 0x0c, 0x1b, 0x0f, 0xdf, 0x27, 0xe2,
  0xbb, 0xd8, 0xf5, 0xe5, 0xf7, 0xa6, 0x09, 0x04, 0xc0, 0xdd, 0xf9, 0x13,
  0xd9, 0x14, 0x3b, 0xe7, 0x07, 0xe9, 0x02, 0x27, 0xd4, 0xdc, 0x18, 0x16,
  0xbe, 0xb3, 0xf2, 0xf7, 0xe7, 0x2d, 0x20, 0xe9, 0x42, 0xe9, 0x26, 0x59,
  0xcb, 0xcf, 0x07, 0x05, 0xc7, 0xc8, 0x18, 0xf1, 0xed, 0x2a, 0x17, 0xf7,
  0x35, 0xe0, 0xf8, 0x50, 0xd5, 0xf1, 0x0f, 0x24, 0x7e, 0xf3, 0xff, 0xff,
  0x04, 0x00, 0x00, 0x00, 0x18, 0x00, 0x00, 0x00, 0x4e, 0x6d, 0x7f, 0x25,
  0x4f, 0x31, 0x55, 0x4a, 0x6d, 0x50, 0x50, 0x41, 0x33, 0x2d, 0x28, 0x1e,
  0x17, 0x27, 0x1d, 0x1b, 0x24, 0x21, 0x3a, 0x1f, 0xa2, 0xf3, 0xff, 0xff,
  0x04, 0x00, 0x00, 0x00, 0x18, 0x00, 0x00, 0x00, 0xbc, 0x7f, 0xb4, 0xd0,
  0x9b, 0x95, 0xf9, 0x67, 0xfa, 0x85, 0x75, 0x8f, 0xd9, 0xc3, 0xc0, 0xd9,
  0xb3, 0x81, 0xd3, 0x97, 0xe2, 0xd8, 0x80, 0xc4, 0xc6, 0xf3, 0xff, 0xff,
  0x04, 0x00, 0x00, 0x00, 0x90, 0x00, 0x00, 0x00, 0xbc, 0x35, 0xf9, 0xcf,
  0x13, 0x57, 0x1c, 0x66, 0x44, 0x08, 0x3a, 0xed, 0xed, 0xc9, 0x81, 0x1a,
  0x2e, 0x00, 0xd1, 0xfc, 0x27, 0xed, 0xd9, 0xe3, 0xb3, 0xaf, 0xaa, 0xd4,
  0x1f, 0x15, 0xc2, 0x01, 0xff, 0x06, 0xec, 0xef, 0x19, 0x7f, 0xfa, 0xee,
  0xe3, 0x87, 0x06, 0x1e, 0xcc, 0x40, 0xa7, 0x01, 0xe4, 0xb8, 0xfe, 0x08,
  0x3c, 0xfe, 0x09, 0x0e, 0x07, 0x1b, 0xe7, 0x11, 0xc1, 0xfa, 0x11, 0xcd,
  0x1b, 0x6f, 0xc1, 0xf5, 0xfd, 0x81, 0x46, 0x47, 0x11, 0x59, 0x85, 0xc0,
  0xb2, 0x39, 0x32, 0xba, 0x0d, 0x99, 0x1f, 0xcd, 0x29, 0xfd, 0xec, 0x81,
  0x55, 0x8f, 0x8a, 0x9e, 0xeb, 0x6d, 0xcf, 0x86, 0x0d, 0x1a, 0x20, 0x25,
  0x2c, 0x35, 0x55, 0xe7, 0xf7, 0x7c, 0x29, 0xd2, 0x58, 0x15, 0x51, 0x7f,
  0xe1, 0x25, 0x72, 0x76, 0x22, 0x98, 0x51, 0x3e, 0x7f, 0x51, 0x35, 0x51,
  0xe0, 0xfc, 0x04, 0xf4, 0xca, 0xe1, 0xc7, 0x24, 0x3d, 0x3d, 0x32, 0xb5,
  0x1a, 0x75, 0x08, 0xc3, 0xec, 0x5b, 0x52, 0x61, 0x62, 0xf4, 0xff, 0xff,
  0x04, 0x00, 0x00, 0x00, 0x18, 0x00, 0x00, 0x00, 0x65, 0x01, 0x00, 0x00,
  0x7c, 0x00, 0x00, 0x00, 0x0d, 0x01, 0x00, 0x00, 0xce, 0x00, 0x00, 0x00,
  0x8b, 0x00, 0x00, 0x00, 0x30, 0x00, 0x00, 0x00, 0x86, 0xf4, 0xff, 0xff,
  0x04, 0x00, 0x00, 0x00, 0x90, 0x00, 0x00, 0x00, 0x81, 0xd9, 0xaa, 0x30,
  0x1e, 0x2d, 0x12, 0xe5, 0x81, 0xc4, 0xf7, 0x18, 0xb0, 0xf0, 0x81, 0x0f,
  0x2e, 0x30, 0xdd, 0xf7, 0x1e, 0x81, 0x1f, 0x5c, 0x35, 0xd7, 0x06, 0x81,
  0x58, 0x6e, 0x7f, 0x32, 0x73, 0xec, 0xf2, 0x12, 0x5c, 0x81, 0xcc, 0x93,
  0xed, 0xf6, 0x7f, 0x15, 0x1c, 0xf7, 0xf6, 0xc8, 0x65, 0xc5, 0x81, 0xe9,
  0x0b, 0xc9, 0x97, 0xd4, 0x81, 0x4e, 0x49, 0xfa, 0x70, 0x81, 0x82, 0xda,
  0x0b, 0xc5, 0x56, 0x9c, 0x81, 0x9a, 0xf5, 0xf1, 0x25, 0xce, 0x81, 0xef,
  0x20, 0x0a, 0x4a, 0xc3, 0x81, 0xd5, 0x3e, 0x12, 0xc4, 0x8c, 0x37, 0xe8,
  0x7f, 0x42, 0xff, 0xde, 0x81, 0x63, 0x7d, 0xc1, 0x7f, 0xea, 0x73, 0xfe,
  0x5e, 0xf8, 0xae, 0xe5, 0x7f, 0x3c, 0xf2, 0x2f, 0x0a, 0x17, 0x81, 0x58,
  0x29, 0xe8, 0xf2, 0xf3, 0x81, 0xdd, 0x1a, 0xf2, 0x33, 0x14, 0x81, 0x8a,
  0xdc, 0x5b, 0xe1, 0xfe, 0x81, 0xdb, 0xe7, 0x38, 0x1c, 0xf5, 0x7f, 0xf7,
  0x5a, 0x04, 0x55, 0xd2, 0x7f, 0x3c, 0x0f, 0x71, 0x22, 0xf5, 0xff, 0xff,
  0x04, 0x00, 0x00, 0x00, 0x60, 0x00, 0x00, 0x00, 0x6a, 0x00, 0x00, 0x00,
  0xda, 0x01, 0x00, 0x00, 0x4b, 0x00, 0x00, 0x00, 0x00, 0x03, 0x00, 0x00,
  0x37, 0x04, 0x00, 0x00, 0x3a, 0x01, 0x00, 0x00, 0x0d, 0x04, 0x00, 0x00,
  0x5a, 0x01, 0x00, 0x00, 0xac, 0x00, 0x00, 0x00, 0xf0, 0x01, 0x00, 0x00,
  0x30, 0x04, 0x00, 0x00, 0x24, 0x03, 0x00, 0x00, 0xd9, 0x00, 0x00, 0x00,
  0xc4, 0x01, 0x00, 0x00, 0xd1, 0x07, 0x00, 0x00, 0x1c, 0x00, 0x00, 0x00,
  0x97, 0x00, 0x00, 0x00, 0xbf, 0xff, 0xff, 0xff, 0x55, 0xfe, 0xff, 0xff,
  0xe0, 0x02, 0x00, 0x00, 0xcb, 0x01, 0x00, 0x00, 0x59, 0x02, 0x00, 0x00,
  0x18, 0x03, 0x00, 0x00, 0xf4, 0x00, 0x00, 0x00, 0x8e, 0xf5, 0xff, 0xff,
  0x04, 0x00, 0x00, 0x00, 0x00, 0x03, 0x00, 0x00, 0xcc, 0x3b, 0x61, 0xd2,
  0xd2, 0xed, 0xd0, 0x2f, 0x46, 0x0b, 0x0f, 0x11, 0x7f, 0x97, 0x40, 0x22,
  0x15, 0xd4, 0x38, 0x25, 0x25, 0x04, 0xa9, 0xcc, 0x2c, 0xb9, 0xf3, 0xed,
  0x0c, 0xda, 0x21, 0x1f, 0xd4, 0xd9, 0xe0, 0xb4, 0xe1, 0xe1, 0xcd, 0x31,
  0x52, 0x1f, 0x32, 0xe8, 0x14, 0xb9, 0x7f, 0x54, 0x4b, 0x35, 0xfe, 0x47,
  0xcc, 0xd6, 0xae, 0x81, 0xf8, 0x57, 0xc9, 0xe5, 0x03, 0x0b, 0x4a, 0x22,
  0xc6, 0x3e, 0x4e, 0x04, 0xb4, 0x21, 0xbd, 0x3b, 0xe8, 0x47, 0x10, 0x62,
  0x43, 0x31, 0x1c, 0x7f, 0x4e, 0xdb, 0x19, 0xaf, 0xd7, 0x0b, 0xfb, 0xcc,
  0x28, 0x0b, 0x95, 0x96, 0x93, 0x51, 0xf4, 0x57, 0x15, 0xc5, 0x01, 0xed,
  0xd8, 0xec, 0x2a, 0x53, 0x32, 0x84, 0x6d, 0x18, 0x53, 0x10, 0x81, 0x9f,
  0x71, 0xd0, 0x45, 0x21, 0x3a, 0xc8, 0x4f, 0x03, 0xd6, 0xd0, 0x7f, 0xcf,
  0x4d, 0x05, 0xe1, 0xc8, 0x0f, 0xf0, 0xdd, 0x23, 0x57, 0x9d, 0x74, 0x36,
  0xf7, 0x21, 0x25, 0xee, 0x62, 0xdb, 0x08, 0xad, 0x3c, 0x39, 0x9b, 0xed,
  0x1b, 0x1b, 0x49, 0xf5, 0x21, 0x0b, 0x47, 0x06, 0x09, 0x7f, 0x8c, 0xdc,
  0x1e, 0x91, 0xd8, 0xd4, 0x3b, 0x56, 0x10, 0xb0, 0x26, 0xc1, 0x84, 0xef,
  0x18, 0x03, 0x45, 0x44, 0x0f, 0xbf, 0x0d, 0xeb, 0x81, 0x3d, 0xc1, 0x2c,
  0x38, 0x20, 0x0a, 0xe8, 0x04, 0x2e, 0x54, 0x54, 0xf2, 0xbc, 0x29, 0x1e,
  0x04, 0x1d, 0xba, 0xa6, 0xba, 0xef, 0x9c, 0xde, 0x3f, 0xa8, 0x0e, 0xd0,
  0x4b, 0x4a, 0xfb, 0x03, 0x74, 0xb0, 0x7f, 0x26, 0xe0, 0xb6, 0xba, 0xf6,
  0x41, 0x11, 0x3e, 0x63, 0xc6, 0x48, 0x31, 0xaa, 0xd4, 0x13, 0xef, 0x4b,
  0x99, 0x21, 0x20, 0x15, 0xd7, 0x81, 0x60, 0x1b, 0xb7, 0x18, 0xb2, 0x55,
  0x93, 0x7e, 0x3d, 0x4c, 0x20, 0x94, 0xca, 0x75, 0x51, 0x0d, 0x22, 0x81,
  0x71, 0x20, 0xf2, 0xc3, 0xc0, 0x99, 0x10, 0xff, 0xf1, 0x93, 0x92, 0x67,
  0xc6, 0x20, 0xaf, 0x15, 0x54, 0x98, 0x00, 0xe6, 0x16, 0xc8, 0x93, 0x88,
  0xcd, 0x7f, 0xe0, 0x9b, 0x91, 0x5a, 0xff, 0x91, 0xd5, 0x34, 0xe4, 0x30,
  0xe3, 0xe9, 0xe6, 0x28, 0x1c, 0x40, 0x02, 0x07, 0x60, 0xbe, 0xde, 0x4f,
  0x13, 0xc2, 0x7f, 0x48, 0xd2, 0xc3, 0x96, 0x50, 0xf8, 0x33, 0x15, 0x02,
  0xe1, 0x45, 0x2a, 0x24, 0x32, 0x2f, 0xe5, 0xea, 0x24, 0xa7, 0xc9, 0xd5,
  0x4c, 0x18, 0x05, 0xbf, 0xe2, 0xfe, 0xd1, 0x7f, 0xe1, 0xcc, 0x81, 0x43,
  0xb8, 0xd4, 0x96, 0x53, 0x49, 0xab, 0xab, 0x27, 0xbf, 0x2c, 0x9e, 0xa9,
  0x09, 0x3e, 0xa1, 0xfa, 0xca, 0xa4, 0xfe, 0xc1, 0x18, 0xe2, 0xf1, 0x2f,
  0xf9, 0x00, 0x43, 0x11, 0x7f, 0x7e, 0x61, 0x1c, 0xc7, 0x56, 0x3c, 0x1d,
  0xcb, 0xcf, 0xf3, 0x22, 0x93, 0xc4, 0xa2, 0x2c, 0x9d, 0xc6, 0xac, 0xca,
  0x1c, 0x27, 0x49, 0xf5, 0x46, 0xc2, 0x37, 0x02, 0x62, 0x81, 0xa0, 0x97,
  0xeb, 0xed, 0x0f, 0x51, 0x92, 0x46, 0xf7, 0xce, 0x18, 0x1c, 0xe4, 0x0c,
  0x2c, 0x76, 0x20, 0x14, 0x08, 0x3c, 0x3e, 0x2c, 0xc6, 0x25, 0xf6, 0x81,
  0x36, 0x3f, 0xc2, 0xb3, 0xa2, 0xd2, 0xd5, 0x51, 0x30, 0x2e, 0xe7, 0x6e,
  0x48, 0xf2, 0xb3, 0xa3, 0xc4, 0x04, 0x81, 0xf2, 0xee, 0x05, 0x60, 0xec,
  0xd7, 0x57, 0xd5, 0xb2, 0xe5, 0x72, 0xd8, 0x12, 0x0d, 0xf1, 0xcb, 0xe6,
  0xfd, 0xe2, 0x0a, 0xfb, 0x16, 0x55, 0x3d, 0xc1, 0x81, 0x79, 0x1e, 0x34,
  0x8d, 0x22, 0x3c, 0x52, 0xa2, 0x18, 0xdc, 0x4d, 0xb8, 0x5a, 0xb8, 0x17,
  0x15, 0x61, 0x5f, 0x5e, 0x7f, 0xd2, 0x60, 0x46, 0xff, 0x21, 0xca, 0x93,
  0x53, 0xe9, 0xae, 0x97, 0x4a, 0x69, 0x04, 0xa1, 0xdb, 0x7f, 0x18, 0x0a,
  0xd0, 0x09, 0xe2, 0xf9, 0x00, 0xb2, 0xcf, 0x1f, 0x42, 0xc9, 0x1a, 0xba,
  0x4d, 0x23, 0xf2, 0xa6, 0x43, 0x77, 0x01, 0x29, 0x48, 0x3a, 0xe3, 0x1e,
  0xcd, 0xe3, 0x0f, 0xc0, 0xf5, 0xde, 0xfe, 0x30, 0x49, 0x32, 0xda, 0x1a,
  0x19, 0xb9, 0x0f, 0xfe, 0x1d, 0x7f, 0xe7, 0xf3, 0x25, 0xc7, 0x08, 0xf6,
  0x33, 0xd4, 0x2e, 0x1e, 0x1b, 0x5a, 0x1c, 0xd0, 0x81, 0x2c, 0x3e, 0x37,
  0xcd, 0x00, 0x36, 0xed, 0x9b, 0x28, 0xf3, 0x17, 0x42, 0xc4, 0xac, 0x9f,
  0x03, 0xac, 0xef, 0x81, 0xaf, 0xc7, 0x11, 0xc4, 0x94, 0xcf, 0x2e, 0xb6,
  0x48, 0xf3, 0xa1, 0xda, 0xb5, 0x8a, 0x16, 0x33, 0xee, 0x4d, 0x16, 0xe5,
  0x3f, 0x1a, 0x17, 0x7f, 0x62, 0xdc, 0x48, 0x26, 0xf9, 0x17, 0xf9, 0xcd,
  0xe8, 0xc2, 0xd9, 0x0f, 0x04, 0x44, 0xe7, 0x94, 0xfa, 0x1f, 0x1a, 0x4d,
  0x4e, 0x46, 0xd8, 0x26, 0xcc, 0x1a, 0xc6, 0xff, 0xa7, 0x63, 0x54, 0xb4,
  0xad, 0x4f, 0x81, 0x8f, 0xba, 0x7f, 0x02, 0x03, 0x81, 0xc3, 0x49, 0xd8,
  0xf1, 0x1a, 0xbf, 0x45, 0x66, 0x30, 0x38, 0xab, 0xb4, 0x89, 0x7f, 0x74,
  0x8d, 0xcb, 0x4b, 0x3c, 0xd2, 0xe6, 0xe7, 0xdb, 0xf2, 0xe8, 0x97, 0xce,
  0xd2, 0xd8, 0x03, 0x08, 0xba, 0xb0, 0x43, 0x37, 0xca, 0x7f, 0x94, 0x13,
  0xf5, 0x04, 0xf1, 0x3c, 0x23, 0x15, 0x53, 0x2d, 0x78, 0xdd, 0x51, 0xe7,
  0xc7, 0xa6, 0x95, 0x81, 0xe6, 0xfc, 0xc2, 0x08, 0x16, 0x62, 0x6b, 0x4a,
  0xaa, 0x3d, 0x23, 0x41, 0x4b, 0x59, 0x32, 0x8f, 0x16, 0xbd, 0x21, 0x01,
  0x06, 0x0b, 0xe6, 0x39, 0xe0, 0x02, 0x13, 0x9e, 0x41, 0x8e, 0x45, 0xd3,
  0x01, 0x50, 0xf2, 0xd6, 0xe2, 0x81, 0x5b, 0x64, 0xed, 0x48, 0x36, 0x45,
  0x25, 0xe8, 0xcd, 0xab, 0xce, 0x4c, 0xde, 0x01, 0xd9, 0x19, 0x7f, 0x20,
  0xa1, 0x50, 0x9a, 0x0e, 0xc1, 0x1f, 0xe5, 0xc0, 0x9a, 0xf8, 0xff, 0xff,
  0x04, 0x00, 0x00, 0x00, 0x80, 0x00, 0x00, 0x00, 0x8a, 0xfc, 0xff, 0xff,
  0x3e, 0xff, 0xff, 0xff, 0x92, 0xfa, 0xff, 0xff, 0xe7, 0x06, 0x00, 0x00,
  0x27, 0x06, 0x00, 0x00, 0x5e, 0x00, 0x00, 0x00, 0x25, 0x00, 0x00, 0x00,
  0x4f, 0x01, 0x00, 0x00, 0x20, 0x03, 0x00, 0x00, 0xe3, 0x07, 0x00, 0x00,
  0x14, 0x07, 0x00, 0x00, 0x92, 0xfd, 0xff, 0xff, 0x20, 0xfb, 0xff, 0xff,
  0xab, 0xfd, 0xff, 0xff, 0x0c, 0xfa, 0xff, 0xff, 0x9a, 0x04, 0x00, 0x00,
  0x64, 0xfa, 0xff, 0xff, 0x0f, 0x08, 0x00, 0x00, 0x45, 0xfe, 0xff, 0xff,
  0x9e, 0x01, 0x00, 0x00, 0x99, 0x09, 0x00, 0x00, 0xcf, 0xfe, 0xff, 0xff,
  0x28, 0xfb, 0xff, 0xff, 0x94, 0x00, 0x00, 0x00, 0xc7, 0xf8, 0xff, 0xff,
  0x52, 0x03, 0x00, 0x00, 0x0a, 0x08, 0x00, 0x00, 0xef, 0x03, 0x00, 0x00,
  0x49, 0x08, 0x00, 0x00, 0xd7, 0xfc, 0xff, 0xff, 0x29, 0x01, 0x00, 0x00,
  0x7c, 0x03, 0x00, 0x00, 0x26, 0xf9, 0xff, 0xff, 0x04, 0x00, 0x00, 0x00,
  0x60, 0x01, 0x00, 0x00, 0x28, 0x2c, 0x2a, 0xb2, 0x17, 0x13, 0xb6, 0xb6,
  0x28, 0x8a, 0xd8, 0x05, 0x24, 0x2c, 0x13, 0xa6, 0x16, 0xb9, 0x01, 0xaa,
  0xcd, 0x1a, 0x1d, 0xaa, 0xde, 0x81, 0xc6, 0xba, 0xab, 0x24, 0x28, 0xf4,
  0x81, 0x3a, 0x91, 0x22, 0x0d, 0xbc, 0xb0, 0x2a, 0x26, 0x1a, 0x27, 0xf6,
  0xbd, 0x33, 0xeb, 0xab, 0xfe, 0x2a, 0xc6, 0xc2, 0x11, 0x0a, 0x9a, 0xc5,
  0xf0, 0x9f, 0x04, 0xb9, 0x2e, 0xac, 0x30, 0x9a, 0xef, 0x2a, 0x1b, 0x83,
  0x0c, 0xc3, 0x1b, 0x1d, 0xde, 0x20, 0xdf, 0x07, 0x21, 0xa8, 0xf8, 0x14,
  0x09, 0xa8, 0xad, 0x29, 0xae, 0x9b, 0x18, 0x1c, 0x08, 0xde, 0x81, 0xd0,
  0x3a, 0x1b, 0x8e, 0xcf, 0x29, 0x86, 0x23, 0x9d, 0x8b, 0x0c, 0xa7, 0x81,
  0xb6, 0x1b, 0xe4, 0xf4, 0x28, 0xac, 0x14, 0x1e, 0x15, 0x8e, 0xbd, 0x29,
  0x89, 0xb0, 0xf8, 0x29, 0x0b, 0x13, 0xd4, 0x3e, 0xbe, 0x20, 0xcc, 0x2b,
  0xb4, 0xd1, 0x25, 0x1b, 0x81, 0x8b, 0x19, 0x13, 0xae, 0xa1, 0xd1, 0xec,
  0xd4, 0x1e, 0x1b, 0x06, 0x0d, 0x1e, 0x1a, 0x20, 0x12, 0x0f, 0x19, 0x1a,
  0xf9, 0x07, 0x26, 0xad, 0x12, 0x15, 0xb8, 0x1f, 0xc4, 0x24, 0x15, 0x09,
  0x81, 0x01, 0xa5, 0x05, 0x1a, 0x26, 0xdf, 0x0f, 0xa6, 0xc7, 0xfd, 0x0a,
  0xf5, 0x20, 0x12, 0x1e, 0x9b, 0xc1, 0xbf, 0x24, 0x0f, 0x9c, 0x25, 0xd3,
  0xbd, 0x17, 0x25, 0x29, 0x07, 0x24, 0xa1, 0x8f, 0x1e, 0x06, 0x28, 0x19,
  0x19, 0xa9, 0xdc, 0x17, 0xcd, 0xb4, 0xf7, 0x9b, 0xed, 0x81, 0xaa, 0xc6,
  0x1e, 0x0d, 0x1a, 0x9f, 0x0f, 0x11, 0xa7, 0xd2, 0x33, 0x1c, 0xc0, 0x96,
  0x19, 0x15, 0x9f, 0x1a, 0x06, 0xf4, 0xcb, 0x13, 0xd4, 0x22, 0xe4, 0xff,
  0x1e, 0x22, 0xf4, 0x14, 0xec, 0xfa, 0x9a, 0x11, 0x10, 0xae, 0x81, 0x1a,
  0xfc, 0x1d, 0x96, 0x33, 0x9c, 0xaa, 0x1c, 0xc9, 0x1e, 0x90, 0x1c, 0x02,
  0xe2, 0x0c, 0x11, 0x81, 0x13, 0xb7, 0xd4, 0x12, 0xbb, 0xbf, 0xe5, 0x8c,
  0xfd, 0xa2, 0x1e, 0x97, 0x1d, 0x1c, 0x1f, 0x92, 0x12, 0x21, 0x25, 0xa2,
  0xc5, 0x25, 0xa5, 0x29, 0x2d, 0x91, 0xaf, 0x1f, 0x1d, 0xf5, 0x26, 0xd8,
  0xc1, 0xa5, 0x2b, 0xec, 0x28, 0x37, 0xff, 0x0e, 0xfa, 0x1a, 0x9a, 0x81,
  0x31, 0x12, 0x12, 0xad, 0xff, 0x31, 0xb9, 0xd4, 0x8e, 0xb5, 0xa1, 0xa5,
  0xbf, 0xdb, 0xbf, 0x0e, 0x0c, 0x81, 0x27, 0x15, 0x92, 0x16, 0xe8, 0xf8,
  0xbf, 0x8f, 0xf9, 0x11, 0x0c, 0x15, 0xcc, 0x1d, 0x23, 0xcd, 0x02, 0x12,
  0xf3, 0x2d, 0x0c, 0xa6, 0x36, 0xff, 0xbc, 0xee, 0x92, 0xfa, 0xff, 0xff,
  0x04, 0x00, 0x00, 0x00, 0x2c, 0x00, 0x00, 0x00, 0x5c, 0xfe, 0xff, 0xff,
  0xe8, 0x01, 0x00, 0x00, 0x9f, 0xff, 0xff, 0xff, 0x2a, 0x05, 0x00, 0x00,
  0xa8, 0xf9, 0xff, 0xff, 0x24, 0x01, 0x00, 0x00, 0xeb, 0x04, 0x00, 0x00,
  0x57, 0xfe, 0xff, 0xff, 0xe2, 0xfe, 0xff, 0xff, 0x7b, 0xff, 0xff, 0xff,
  0xaa, 0xff, 0xff, 0xff, 0xca, 0xfa, 0xff, 0xff, 0x04, 0x00, 0x00, 0x00,
  0x08, 0x00, 0x00, 0x00, 0x01, 0x00, 0x00, 0x00, 0x02, 0x00, 0x00, 0x00,
  0xf0, 0xd8, 0xff, 0xff, 0xf4, 0xd8, 0xff, 0xff, 0x0f, 0x00, 0x00, 0x00,
  0x4d, 0x4c, 0x49, 0x52, 0x20, 0x43, 0x6f, 0x6e, 0x76, 0x65, 0x72, 0x74,
  0x65, 0x64, 0x2e, 0x00, 0x01, 0x00, 0x00, 0x00, 0x14, 0x00, 0x00, 0x00,
  0x00, 0x00, 0x0e, 0x00, 0x18, 0x00, 0x14, 0x00, 0x10, 0x00, 0x0c, 0x00,
  0x08, 0x00, 0x04, 0x00, 0x0e, 0x00, 0x00, 0x00, 0x14, 0x00, 0x00, 0x00,
  0x1c, 0x00, 0x00, 0x00, 0x90, 0x05, 0x00, 0x00, 0x94, 0x05, 0x00, 0x00,
  0x98, 0x05, 0x00, 0x00, 0x04, 0x00, 0x00, 0x00, 0x6d, 0x61, 0x69, 0x6e,
  0x00, 0x00, 0x00, 0x00, 0x17, 0x00, 0x00, 0x00, 0x30, 0x05, 0x00, 0x00,
  0xe4, 0x04, 0x00, 0x00, 0xa4, 0x04, 0x00, 0x00, 0x60, 0x04, 0x00, 0x00,
  0x20, 0x04, 0x00, 0x00, 0xcc, 0x03, 0x00, 0x00, 0x90, 0x03, 0x00, 0x00,
  0x54, 0x03, 0x00, 0x00, 0x1c, 0x03, 0x00, 0x00, 0xe8, 0x02, 0x00, 0x00,
  0xb0, 0x02, 0x00, 0x00, 0x6c, 0x02, 0x00, 0x00, 0x28, 0x02, 0x00, 0x00,
  0xdc, 0x01, 0x00, 0x00, 0xb8, 0x01, 0x00, 0x00, 0x78, 0x01, 0x00, 0x00,
  0x38, 0x01, 0x00, 0x00, 0x14, 0x01, 0x00, 0x00, 0xe0, 0x00, 0x00, 0x00,
  0xac, 0x00, 0x00, 0x00, 0x70, 0x00, 0x00, 0x00, 0x38, 0x00, 0x00, 0x00,
  0x04, 0x00, 0x00, 0x00, 0xbe, 0xfb, 0xff, 0xff, 0x14, 0x00, 0x00, 0x00,
  0x00, 0x00, 0x00, 0x09, 0x14, 0x00, 0x00, 0x00, 0x18, 0x00, 0x00, 0x00,
  0x09, 0x00, 0x00, 0x00, 0xae, 0xfb, 0xff, 0xff, 0x00, 0x00, 0x80, 0x3f,
  0x01, 0x00, 0x00, 0x00, 0x2c, 0x00, 0x00, 0x00, 0x01, 0x00, 0x00, 0x00,
  0x2b, 0x00, 0x00, 0x00, 0xee, 0xfb, 0xff, 0xff, 0x14, 0x00, 0x00, 0x00,
  0x00, 0x00, 0x00, 0x08, 0x10, 0x00, 0x00, 0x00, 0x14, 0x00, 0x00, 0x00,
  0x08, 0x00, 0x00, 0x00, 0xf0, 0xd9, 0xff, 0xff, 0x01, 0x00, 0x00, 0x00,
  0x2b, 0x00, 0x00, 0x00, 0x03, 0x00, 0x00, 0x00, 0x2a, 0x00, 0x00, 0x00,
  0x03, 0x00, 0x00, 0x00, 0x02, 0x00, 0x00, 0x00, 0x22, 0xfc, 0xff, 0xff,
  0x14, 0x00, 0x00, 0x00, 0x00, 0x00, 0x00, 0x08, 0x14, 0x00, 0x00, 0x00,
  0x18, 0x00, 0x00, 0x00, 0x08, 0x00, 0x00, 0x00, 0x8e, 0xfc, 0xff, 0xff,
  0x00, 0x00, 0x00, 0x01, 0x01, 0x00, 0x00, 0x00, 0x2a, 0x00, 0x00, 0x00,
  0x03, 0x00, 0x00, 0x00, 0x29, 0x00, 0x00, 0x00, 0x05, 0x00, 0x00, 0x00,
  0x04, 0x00, 0x00, 0x00, 0x5a, 0xfc, 0xff, 0xff, 0x14, 0x00, 0x00, 0x00,
  0x00, 0x00, 0x00, 0x1b, 0x10, 0x00, 0x00, 0x00, 0x14, 0x00, 0x00, 0x00,
  0x07, 0x00, 0x00, 0x00, 0x5c, 0xda, 0xff, 0xff, 0x01, 0x00, 0x00, 0x00,
  0x29, 0x00, 0x00, 0x00, 0x02, 0x00, 0x00, 0x00, 0x28, 0x00, 0x00, 0x00,
  0x01, 0x00, 0x00, 0x00, 0x8a, 0xfc, 0xff, 0xff, 0x14, 0x00, 0x00, 0x00,
  0x00, 0x00, 0x00, 0x15, 0x10, 0x00, 0x00, 0x00, 0x14, 0x00, 0x00, 0x00,
  0x02, 0x00, 0x00, 0x00, 0x8c, 0xda, 0xff, 0xff, 0x01, 0x00, 0x00, 0x00,
  0x28, 0x00, 0x00, 0x00, 0x02, 0x00, 0x00, 0x00, 0x21, 0x00, 0x00, 0x00,
  0x27, 0x00, 0x00, 0x00, 0x72, 0xff, 0xff, 0xff, 0x0c, 0x00, 0x00, 0x00,
  0x10, 0x00, 0x00, 0x00, 0x06, 0x00, 0x00, 0x00, 0x01, 0x00, 0x00, 0x00,
  0x27, 0x00, 0x00, 0x00, 0x01, 0x00, 0x00, 0x00, 0x26, 0x00, 0x00, 0x00,
  0x56, 0xfc, 0xff, 0xff, 0x10, 0x00, 0x00, 0x00, 0x00, 0x00, 0x00, 0x01,
  0x18, 0x00, 0x00, 0x00, 0x1c, 0x00, 0x00, 0x00, 0x66, 0xff, 0xff, 0xff,
  0x01, 0x00, 0x00, 0x00, 0x01, 0x00, 0x00, 0x00, 0x00, 0x00, 0x00, 0x01,
  0x01, 0x00, 0x00, 0x00, 0x26, 0x00, 0x00, 0x00, 0x03, 0x00, 0x00, 0x00,
  0x25, 0x00, 0x00, 0x00, 0x07, 0x00, 0x00, 0x00, 0x06, 0x00, 0x00, 0x00,
  0x16, 0xfd, 0xff, 0xff, 0x14, 0x00, 0x00, 0x00, 0x00, 0x00, 0x00, 0x15,
  0x10, 0x00, 0x00, 0x00, 0x14, 0x00, 0x00, 0x00, 0x02, 0x00, 0x00, 0x00,
  0x18, 0xdb, 0xff, 0xff, 0x01, 0x00, 0x00, 0x00, 0x25, 0x00, 0x00, 0x00,
  0x02, 0x00, 0x00, 0x00, 0x23, 0x00, 0x00, 0x00, 0x24, 0x00, 0x00, 0x00,
  0x00, 0x00, 0x0a, 0x00, 0x10, 0x00, 0x0c, 0x00, 0x08, 0x00, 0x04, 0x00,
  0x0a, 0x00, 0x00, 0x00, 0x0c, 0x00, 0x00, 0x00, 0x10, 0x00, 0x00, 0x00,
  0x06, 0x00, 0x00, 0x00, 0x01, 0x00, 0x00, 0x00, 0x24, 0x00, 0x00, 0x00,
  0x01, 0x00, 0x00, 0x00, 0x23, 0x00, 0x00, 0x00, 0xee, 0xfc, 0xff, 0xff,
  0x1c, 0x00, 0x00, 0x00, 0x00, 0x00, 0x00, 0x01, 0x24, 0x00, 0x00, 0x00,
  0x28, 0x00, 0x00, 0x00, 0x00, 0x00, 0x0a, 0x00, 0x10, 0x00, 0x0f, 0x00,
  0x08, 0x00, 0x04, 0x00, 0x0a, 0x00, 0x00, 0x00, 0x01, 0x00, 0x00, 0x00,
  0x01, 0x00, 0x00, 0x00, 0x00, 0x00, 0x00, 0x01, 0x01, 0x00, 0x00, 0x00,
  0x23, 0x00, 0x00, 0x00, 0x03, 0x00, 0x00, 0x00, 0x22, 0x00, 0x00, 0x00,
  0x09, 0x00, 0x00, 0x00, 0x08, 0x00, 0x00, 0x00, 0xba, 0xfd, 0xff, 0xff,
  0x14, 0x00, 0x00, 0x00, 0x00, 0x00, 0x00, 0x05, 0x24, 0x00, 0x00, 0x00,
  0x28, 0x00, 0x00, 0x00, 0x05, 0x00, 0x00, 0x00, 0x76, 0xfe, 0xff, 0xff,
  0x08, 0x00, 0x00, 0x00, 0x08, 0x00, 0x00, 0x00, 0x08, 0x00, 0x00, 0x00,
  0x08, 0x00, 0x00, 0x00, 0x00, 0x00, 0x00, 0x01, 0x01, 0x00, 0x00, 0x00,
  0x22, 0x00, 0x00, 0x00, 0x01, 0x00, 0x00, 0x00, 0x21, 0x00, 0x00, 0x00,
  0xfa, 0xfd, 0xff, 0xff, 0x14, 0x00, 0x00, 0x00, 0x00, 0x00, 0x00, 0x05,
  0x24, 0x00, 0x00, 0x00, 0x28, 0x00, 0x00, 0x00, 0x04, 0x00, 0x00, 0x00,
  0xb6, 0xfe, 0xff, 0xff, 0x02, 0x00, 0x00, 0x00, 0x02, 0x00, 0x00, 0x00,
  0x02, 0x00, 0x00, 0x00, 0x02, 0x00, 0x00, 0x00, 0x00, 0x00, 0x00, 0x01,
  0x01, 0x00, 0x00, 0x00, 0x21, 0x00, 0x00, 0x00, 0x01, 0x00, 0x00, 0x00,
  0x20, 0x00, 0x00, 0x00, 0x3a, 0xfe, 0xff, 0xff, 0x14, 0x00, 0x00, 0x00,
  0x00, 0x00, 0x00, 0x0b, 0x14, 0x00, 0x00, 0x00, 0x18, 0x00, 0x00, 0x00,
  0x03, 0x00, 0x00, 0x00, 0xa6, 0xfe, 0xff, 0xff, 0x00, 0x00, 0x00, 0x01,
  0x01, 0x00, 0x00, 0x00, 0x20, 0x00, 0x00, 0x00, 0x02, 0x00, 0x00, 0x00,
  0x1f, 0x00, 0x00, 0x00, 0x0a, 0x00, 0x00, 0x00, 0x6e, 0xfe, 0xff, 0xff,
  0x14, 0x00, 0x00, 0x00, 0x00, 0x00, 0x00, 0x15, 0x10, 0x00, 0x00, 0x00,
  0x14, 0x00, 0x00, 0x00, 0x02, 0x00, 0x00, 0x00, 0x70, 0xdc, 0xff, 0xff,
  0x01, 0x00, 0x00, 0x00, 0x1f, 0x00, 0x00, 0x00, 0x02, 0x00, 0x00, 0x00,
  0x1e, 0x00, 0x00, 0x00, 0x0b, 0x00, 0x00, 0x00, 0x9e, 0xfe, 0xff, 0xff,
  0x14, 0x00, 0x00, 0x00, 0x00, 0x00, 0x00, 0x0a, 0x14, 0x00, 0x00, 0x00,
  0x18, 0x00, 0x00, 0x00, 0x01, 0x00, 0x00, 0x00, 0x8e, 0xfe, 0xff, 0xff,
  0xff, 0xff, 0xff, 0xff, 0x01, 0x00, 0x00, 0x00, 0x1e, 0x00, 0x00, 0x00,
  0x02, 0x00, 0x00, 0x00, 0x1c, 0x00, 0x00, 0x00, 0x1d, 0x00, 0x00, 0x00,
  0x4e, 0xfe, 0xff, 0xff, 0x10, 0x00, 0x00, 0x00, 0x00, 0x00, 0x00, 0x01,
  0x14, 0x00, 0x00, 0x00, 0x18, 0x00, 0x00, 0x00, 0x3e, 0xfe, 0xff, 0xff,
  0x01, 0x00, 0x00, 0x00, 0x01, 0x00, 0x00, 0x00, 0x01, 0x00, 0x00, 0x00,
  0x1d, 0x00, 0x00, 0x00, 0x03, 0x00, 0x00, 0x00, 0x1b, 0x00, 0x00, 0x00,
  0x0c, 0x00, 0x00, 0x00, 0x0e, 0x00, 0x00, 0x00, 0x86, 0xfe, 0xff, 0xff,
  0x10, 0x00, 0x00, 0x00, 0x00, 0x00, 0x00, 0x01, 0x14, 0x00, 0x00, 0x00,
  0x18, 0x00, 0x00, 0x00, 0x76, 0xfe, 0xff, 0xff, 0x01, 0x00, 0x00, 0x00,
  0x01, 0x00, 0x00, 0x00, 0x01, 0x00, 0x00, 0x00, 0x1c, 0x00, 0x00, 0x00,
  0x03, 0x00, 0x00, 0x00, 0x1b, 0x00, 0x00, 0x00, 0x0f, 0x00, 0x00, 0x00,
  0x0d, 0x00, 0x00, 0x00, 0x42, 0xff, 0xff, 0xff, 0x24, 0x00, 0x00, 0x00,
  0x00, 0x00, 0x00, 0x05, 0x34, 0x00, 0x00, 0x00, 0x38, 0x00, 0x00, 0x00,
  0x04, 0x00, 0x00, 0x00, 0x00, 0x00, 0x0e, 0x00, 0x18, 0x00, 0x17, 0x00,
  0x10, 0x00, 0x0c, 0x00, 0x08, 0x00, 0x04, 0x00, 0x0e, 0x00, 0x00, 0x00,
  0x02, 0x00, 0x00, 0x00, 0x02, 0x00, 0x00, 0x00, 0x02, 0x00, 0x00, 0x00,
  0x02, 0x00, 0x00, 0x00, 0x00, 0x00, 0x00, 0x01, 0x01, 0x00, 0x00, 0x00,
  0x1b, 0x00, 0x00, 0x00, 0x01, 0x00, 0x00, 0x00, 0x1a, 0x00, 0x00, 0x00,
  0x92, 0xff, 0xff, 0xff, 0x1c, 0x00, 0x00, 0x00, 0x00, 0x00, 0x00, 0x0b,
  0x1c, 0x00, 0x00, 0x00, 0x20, 0x00, 0x00, 0x00, 0x03, 0x00, 0x00, 0x00,
  0x00, 0x00, 0x06, 0x00, 0x08, 0x00, 0x07, 0x00, 0x06, 0x00, 0x00, 0x00,
  0x00, 0x00, 0x00, 0x01, 0x01, 0x00, 0x00, 0x00, 0x1a, 0x00, 0x00, 0x00,
  0x02, 0x00, 0x00, 0x00, 0x19, 0x00, 0x00, 0x00, 0x10, 0x00, 0x00, 0x00,
  0xce, 0xff, 0xff, 0xff, 0x14, 0x00, 0x00, 0x00, 0x00, 0x00, 0x00, 0x15,
  0x10, 0x00, 0x00, 0x00, 0x14, 0x00, 0x00, 0x00, 0x02, 0x00, 0x00, 0x00,
  0xd0, 0xdd, 0xff, 0xff, 0x01, 0x00, 0x00, 0x00, 0x19, 0x00, 0x00, 0x00,
  0x02, 0x00, 0x00, 0x00, 0x18, 0x00, 0x00, 0x00, 0x11, 0x00, 0x00, 0x00,
  0x00, 0x00, 0x0e, 0x00, 0x1a, 0x00, 0x14, 0x00, 0x10, 0x00, 0x0c, 0x00,
  0x0b, 0x00, 0x04, 0x00, 0x0e, 0x00, 0x00, 0x00, 0x1c, 0x00, 0x00, 0x00,
  0x00, 0x00, 0x00, 0x0a, 0x1c, 0x00, 0x00, 0x00, 0x20, 0x00, 0x00, 0x00,
  0x01, 0x00, 0x00, 0x00, 0x00, 0x00, 0x06, 0x00, 0x08, 0x00, 0x04, 0x00,
  0x06, 0x00, 0x00, 0x00, 0xff, 0xff, 0xff, 0xff, 0x01, 0x00, 0x00, 0x00,
  0x18, 0x00, 0x00, 0x00, 0x02, 0x00, 0x00, 0x00, 0x16, 0x00, 0x00, 0x00,
  0x17, 0x00, 0x00, 0x00, 0xc6, 0xff, 0xff, 0xff, 0x10, 0x00, 0x00, 0x00,
  0x00, 0x00, 0x00, 0x01, 0x14, 0x00, 0x00, 0x00, 0x18, 0x00, 0x00, 0x00,
  0xb6, 0xff, 0xff, 0xff, 0x01, 0x00, 0x00, 0x00, 0x01, 0x00, 0x00, 0x00,
  0x01, 0x00, 0x00, 0x00, 0x17, 0x00, 0x00, 0x00, 0x03, 0x00, 0x00, 0x00,
  0x00, 0x00, 0x00, 0x00, 0x12, 0x00, 0x00, 0x00, 0x14, 0x00, 0x00, 0x00,
  0x00, 0x00, 0x0e, 0x00, 0x16, 0x00, 0x00, 0x00, 0x10, 0x00, 0x0c, 0x00,
  0x0b, 0x00, 0x04, 0x00, 0x0e, 0x00, 0x00, 0x00, 0x1c, 0x00, 0x00, 0x00,
  0x00, 0x00, 0x00, 0x01, 0x20, 0x00, 0x00, 0x00, 0x24, 0x00, 0x00, 0x00,
  0x00, 0x00, 0x0a, 0x00, 0x0c, 0x00, 0x00, 0x00, 0x08, 0x00, 0x04, 0x00,
  0x0a, 0x00, 0x00, 0x00, 0x01, 0x00, 0x00, 0x00, 0x01, 0x00, 0x00, 0x00,
  0x01, 0x00, 0x00, 0x00, 0x16, 0x00, 0x00, 0x00, 0x03, 0x00, 0x00, 0x00,
  0x00, 0x00, 0x00, 0x00, 0x15, 0x00, 0x00, 0x00, 0x13, 0x00, 0x00, 0x00,
  0x01, 0x00, 0x00, 0x00, 0x2c, 0x00, 0x00, 0x00, 0x01, 0x00, 0x00, 0x00,
  0x00, 0x00, 0x00, 0x00, 0x2d, 0x00, 0x00, 0x00, 0x68, 0x21, 0x00, 0x00,
  0x0c, 0x21, 0x00, 0x00, 0x1c, 0x20, 0x00, 0x00, 0x40, 0x1f, 0x00, 0x00,
  0x6c, 0x1d, 0x00, 0x00, 0x90, 0x1b, 0x00, 0x00, 0x1c, 0x1a, 0x00, 0x00,
  0x98, 0x18, 0x00, 0x00, 0xfc, 0x17, 0x00, 0x00, 0x50, 0x17, 0x00, 0x00,
  0xec, 0x16, 0x00, 0x00, 0x88, 0x16, 0x00, 0x00, 0x94, 0x15, 0x00, 0x00,
  0xb0, 0x14, 0x00, 0x00, 0xcc, 0x13, 0x00, 0x00, 0xd8, 0x12, 0x00, 0x00,
  0x74, 0x12, 0x00, 0x00, 0x10, 0x12, 0x00, 0x00, 0x4c, 0x11, 0x00, 0x00,
  0x98, 0x10, 0x00, 0x00, 0xe4, 0x0f, 0x00, 0x00, 0x20, 0x0f, 0x00, 0x00,
  0x84, 0x0e, 0x00, 0x00, 0xe8, 0x0d, 0x00, 0x00, 0x4c, 0x0d, 0x00, 0x00,
  0xa0, 0x0c, 0x00, 0x00, 0xcc, 0x0b, 0x00, 0x00, 0x28, 0x0b, 0x00, 0x00,
  0x8c, 0x0a, 0x00, 0x00, 0xf0, 0x09, 0x00, 0x00, 0x54, 0x09, 0x00, 0x00,
  0xa8, 0x08, 0x00, 0x00, 0xd4, 0x07, 0x00, 0x00, 0x30, 0x07, 0x00, 0x00,
  0x8c, 0x06, 0x00, 0x00, 0xc8, 0x05, 0x00, 0x00, 0x2c, 0x05, 0x00, 0x00,
  0x90, 0x04, 0x00, 0x00, 0xcc, 0x03, 0x00, 0x00, 0x30, 0x03, 0x00, 0x00,
  0x9c, 0x02, 0x00, 0x00, 0x00, 0x02, 0x00, 0x00, 0x2c, 0x01, 0x00, 0x00,
  0x80, 0x00, 0x00, 0x00, 0x04, 0x00, 0x00, 0x00, 0x62, 0xdf, 0xff, 0xff,
  0x00, 0x00, 0x00, 0x01, 0x18, 0x00, 0x00, 0x00, 0x20, 0x00, 0x00, 0x00,
  0x3c, 0x00, 0x00, 0x00, 0x2d, 0x00, 0x00, 0x00, 0x00, 0x00, 0x00, 0x09,
  0x50, 0x00, 0x00, 0x00, 0x02, 0x00, 0x00, 0x00, 0xff, 0xff, 0xff, 0xff,
  0x0b, 0x00, 0x00, 0x00, 0x44, 0xdf, 0xff, 0xff, 0x08, 0x00, 0x00, 0x00,
  0x10, 0x00, 0x00, 0x00, 0x01, 0x00, 0x00, 0x00, 0x80, 0xff, 0xff, 0xff,
  0xff, 0xff, 0xff, 0xff, 0x01, 0x00, 0x00, 0x00, 0x00, 0x00, 0x80, 0x3b,
  0x1b, 0x00, 0x00, 0x00, 0x53, 0x74, 0x61, 0x74, 0x65, 0x66, 0x75, 0x6c,
  0x50, 0x61, 0x72, 0x74, 0x69, 0x74, 0x69, 0x6f, 0x6e, 0x65, 0x64, 0x43,
  0x61, 0x6c, 0x6c, 0x5f, 0x31, 0x3a, 0x30, 0x00, 0x02, 0x00, 0x00, 0x00,
  0x01, 0x00, 0x00, 0x00, 0x0b, 0x00, 0x00, 0x00, 0xda, 0xdf, 0xff, 0xff,
  0x00, 0x00, 0x00, 0x01, 0x18, 0x00, 0x00, 0x00, 0x20, 0x00, 0x00, 0x00,
  0x3c, 0x00, 0x00, 0x00, 0x2c, 0x00, 0x00, 0x00, 0x00, 0x00, 0x00, 0x09,
  0x80, 0x00, 0x00, 0x00, 0x02, 0x00, 0x00, 0x00, 0xff, 0xff, 0xff, 0xff,
  0x0b, 0x00, 0x00, 0x00, 0xbc, 0xdf, 0xff, 0xff, 0x08, 0x00, 0x00, 0x00,
  0x10, 0x00, 0x00, 0x00, 0x01, 0x00, 0x00, 0x00, 0x34, 0x00, 0x00, 0x00,
  0x00, 0x00, 0x00, 0x00, 0x01, 0x00, 0x00, 0x00, 0x05, 0x73, 0x7f, 0x3e,
  0x4a, 0x00, 0x00, 0x00, 0x59, 0x4f, 0x4c, 0x4f, 0x5f, 0x53, 0x74, 0x79,
  0x6c, 0x65, 0x5f, 0x53, 0x6d, 0x61, 0x6c, 0x6c, 0x5f, 0x31, 0x2f, 0x64,
  0x65, 0x6e, 0x73, 0x65, 0x5f, 0x32, 0x31, 0x5f, 0x31, 0x2f, 0x4d, 0x61,
  0x74, 0x4d, 0x75, 0x6c, 0x3b, 0x59, 0x4f, 0x4c, 0x4f, 0x5f, 0x53, 0x74,
  0x79, 0x6c, 0x65, 0x5f, 0x53, 0x6d, 0x61, 0x6c, 0x6c, 0x5f, 0x31, 0x2f,
  0x64, 0x65, 0x6e, 0x73, 0x65, 0x5f, 0x32, 0x31, 0x5f, 0x31, 0x2f, 0x42,
  0x69, 0x61, 0x73, 0x41, 0x64, 0x64, 0x00, 0x00, 0x02, 0x00, 0x00, 0x00,
  0x01, 0x00, 0x00, 0x00, 0x0b, 0x00, 0x00, 0x00, 0x82, 0xe0, 0xff, 0xff,
  0x00, 0x00, 0x00, 0x01, 0x18, 0x00, 0x00, 0x00, 0x20, 0x00, 0x00, 0x00,
  0x3c, 0x00, 0x00, 0x00, 0x2b, 0x00, 0x00, 0x00, 0x00, 0x00, 0x00, 0x09,
  0xa8, 0x00, 0x00, 0x00, 0x02, 0x00, 0x00, 0x00, 0xff, 0xff, 0xff, 0xff,
  0x20, 0x00, 0x00, 0x00, 0x64, 0xe0, 0xff, 0xff, 0x08, 0x00, 0x00, 0x00,
  0x10, 0x00, 0x00, 0x00, 0x01, 0x00, 0x00, 0x00, 0x80, 0xff, 0xff, 0xff,
  0xff, 0xff, 0xff, 0xff, 0x01, 0x00, 0x00, 0x00, 0x1b, 0x26, 0xc7, 0x3c,
  0x72, 0x00, 0x00, 0x00, 0x59, 0x4f, 0x4c, 0x4f, 0x5f, 0x53, 0x74, 0x79,
  0x6c, 0x65, 0x5f, 0x53, 0x6d, 0x61, 0x6c, 0x6c, 0x5f, 0x31, 0x2f, 0x64,
  0x65, 0x6e, 0x73, 0x65, 0x5f, 0x32, 0x30, 0x5f, 0x31, 0x2f, 0x4d, 0x61,
  0x74, 0x4d, 0x75, 0x6c, 0x3b, 0x59, 0x4f, 0x4c, 0x4f, 0x5f, 0x53, 0x74,
  0x79, 0x6c, 0x65, 0x5f, 0x53, 0x6d, 0x61, 0x6c, 0x6c, 0x5f, 0x31, 0x2f,
  0x61, 0x63, 0x74, 0x69, 0x76, 0x61, 0x74, 0x69, 0x6f, 0x6e, 0x5f, 0x32,
  0x35, 0x5f, 0x31, 0x2f, 0x52, 0x65, 0x6c, 0x75, 0x3b, 0x59, 0x4f, 0x4c,
  0x4f, 0x5f, 0x53, 0x74, 0x79, 0x6c, 0x65, 0x5f, 0x53, 0x6d, 0x61, 0x6c,
  0x6c, 0x5f, 0x31, 0x2f, 0x64, 0x65, 0x6e, 0x73, 0x65, 0x5f, 0x32, 0x30,
  0x5f, 0x31, 0x2f, 0x42, 0x69, 0x61, 0x73, 0x41, 0x64, 0x64, 0x00, 0x00,
  0x02, 0x00, 0x00, 0x00, 0x01, 0x00, 0x00, 0x00, 0x20, 0x00, 0x00, 0x00,
  0x52, 0xe1, 0xff, 0xff, 0x00, 0x00, 0x00, 0x01, 0x18, 0x00, 0x00, 0x00,
  0x20, 0x00, 0x00, 0x00, 0x40, 0x00, 0x00, 0x00, 0x2a, 0x00, 0x00, 0x00,
  0x00, 0x00, 0x00, 0x09, 0x70, 0x00, 0x00, 0x00, 0x02, 0x00, 0x00, 0x00,
  0xff, 0xff, 0xff, 0xff, 0x18, 0x00, 0x00, 0x00, 0x34, 0xe1, 0xff, 0xff,
  0x08, 0x00, 0x00, 0x00, 0x14, 0x00, 0x00, 0x00, 0x01, 0x00, 0x00, 0x00,
  0x80, 0xff, 0xff, 0xff, 0xff, 0xff, 0xff, 0xff, 0x00, 0x00, 0x00, 0x00,
  0x01, 0x00, 0x00, 0x00, 0x3d, 0xa5, 0x50, 0x3c, 0x35, 0x00, 0x00, 0x00,
  0x59, 0x4f, 0x4c, 0x4f, 0x5f, 0x53, 0x74, 0x79, 0x6c, 0x65, 0x5f, 0x53,
  0x6d, 0x61, 0x6c, 0x6c, 0x5f, 0x31, 0x2f, 0x67, 0x6c, 0x6f, 0x62, 0x61,
  0x6c, 0x5f, 0x61, 0x76, 0x65, 0x72, 0x61, 0x67, 0x65, 0x5f, 0x70, 0x6f,
  0x6f, 0x6c, 0x69, 0x6e, 0x67, 0x32, 0x64, 0x5f, 0x31, 0x30, 0x5f, 0x31,
  0x2f, 0x4d, 0x65, 0x61, 0x6e, 0x00, 0x00, 0x00, 0x02, 0x00, 0x00, 0x00,
  0x01, 0x00, 0x00, 0x00, 0x18, 0x00, 0x00, 0x00, 0xea, 0xe1, 0xff, 0xff,
  0x00, 0x00, 0x00, 0x01, 0x18, 0x00, 0x00, 0x00, 0x28, 0x00, 0x00, 0x00,
  0x44, 0x00, 0x00, 0x00, 0x29, 0x00, 0x00, 0x00, 0x00, 0x00, 0x00, 0x09,
  0x60, 0x00, 0x00, 0x00, 0x04, 0x00, 0x00, 0x00, 0xff, 0xff, 0xff, 0xff,
  0x08, 0x00, 0x00, 0x00, 0x08, 0x00, 0x00, 0x00, 0x18, 0x00, 0x00, 0x00,
  0xd4, 0xe1, 0xff, 0xff, 0x08, 0x00, 0x00, 0x00, 0x10, 0x00, 0x00, 0x00,
  0x01, 0x00, 0x00, 0x00, 0x80, 0xff, 0xff, 0xff, 0xff, 0xff, 0xff, 0xff,
  0x01, 0x00, 0x00, 0x00, 0xdb, 0xd0, 0x9d, 0x3d, 0x23, 0x00, 0x00, 0x00,
  0x59, 0x4f, 0x4c, 0x4f, 0x5f, 0x53, 0x74, 0x79, 0x6c, 0x65, 0x5f, 0x53,
  0x6d, 0x61, 0x6c, 0x6c, 0x5f, 0x31, 0x2f, 0x6d, 0x75, 0x6c, 0x74, 0x69,
  0x70, 0x6c, 0x79, 0x5f, 0x36, 0x5f, 0x31, 0x2f, 0x4d, 0x75, 0x6c, 0x00,
  0x04, 0x00, 0x00, 0x00, 0x01, 0x00, 0x00, 0x00, 0x08, 0x00, 0x00, 0x00,
  0x08, 0x00, 0x00, 0x00, 0x18, 0x00, 0x00, 0x00, 0x7a, 0xe2, 0xff, 0xff,
  0x00, 0x00, 0x00, 0x01, 0x18, 0x00, 0x00, 0x00, 0x28, 0x00, 0x00, 0x00,
  0x48, 0x00, 0x00, 0x00, 0x28, 0x00, 0x00, 0x00, 0x00, 0x00, 0x00, 0x09,
  0x68, 0x00, 0x00, 0x00, 0x04, 0x00, 0x00, 0x00, 0xff, 0xff, 0xff, 0xff,
  0x01, 0x00, 0x00, 0x00, 0x01, 0x00, 0x00, 0x00, 0x18, 0x00, 0x00, 0x00,
  0x64, 0xe2, 0xff, 0xff, 0x08, 0x00, 0x00, 0x00, 0x14, 0x00, 0x00, 0x00,
  0x01, 0x00, 0x00, 0x00, 0x80, 0xff, 0xff, 0xff, 0xff, 0xff, 0xff, 0xff,
  0x00, 0x00, 0x00, 0x00, 0x01, 0x00, 0x00, 0x00, 0x00, 0x00, 0x80, 0x3b,
  0x26, 0x00, 0x00, 0x00, 0x59, 0x4f, 0x4c, 0x4f, 0x5f, 0x53, 0x74, 0x79,
  0x6c, 0x65, 0x5f, 0x53, 0x6d, 0x61, 0x6c, 0x6c, 0x5f, 0x31, 0x2f, 0x63,
  0x6f, 0x6e, 0x76, 0x32, 0x64, 0x5f, 0x35, 0x35, 0x5f, 0x31, 0x2f, 0x53,
  0x69, 0x67, 0x6d, 0x6f, 0x69, 0x64, 0x00, 0x00, 0x04, 0x00, 0x00, 0x00,
  0x01, 0x00, 0x00, 0x00, 0x01, 0x00, 0x00, 0x00, 0x01, 0x00, 0x00, 0x00,
  0x18, 0x00, 0x00, 0x00, 0x12, 0xe3, 0xff, 0xff, 0x00, 0x00, 0x00, 0x01,
  0x18, 0x00, 0x00, 0x00, 0x28, 0x00, 0x00, 0x00, 0x44, 0x00, 0x00, 0x00,
  0x27, 0x00, 0x00, 0x00, 0x00, 0x00, 0x00, 0x09, 0x90, 0x00, 0x00, 0x00,
  0x04, 0x00, 0x00, 0x00, 0xff, 0xff, 0xff, 0xff, 0x01, 0x00, 0x00, 0x00,
  0x01, 0x00, 0x00, 0x00, 0x18, 0x00, 0x00, 0x00, 0xfc, 0xe2, 0xff, 0xff,
  0x08, 0x00, 0x00, 0x00, 0x10, 0x00, 0x00, 0x00, 0x01, 0x00, 0x00, 0x00,
  0xda, 0xff, 0xff, 0xff, 0xff, 0xff, 0xff, 0xff, 0x01, 0x00, 0x00, 0x00,
  0x97, 0x20, 0x86, 0x3d, 0x52, 0x00, 0x00, 0x00, 0x59, 0x4f, 0x4c, 0x4f,
  0x5f, 0x53, 0x74, 0x79, 0x6c, 0x65, 0x5f, 0x53, 0x6d, 0x61, 0x6c, 0x6c,
  0x5f, 0x31, 0x2f, 0x63, 0x6f, 0x6e, 0x76, 0x32, 0x64, 0x5f, 0x35, 0x35,
  0x5f, 0x31, 0x2f, 0x42, 0x69, 0x61, 0x73, 0x41, 0x64, 0x64, 0x3b, 0x59,
  0x4f, 0x4c, 0x4f, 0x5f, 0x53, 0x74, 0x79, 0x6c, 0x65, 0x5f, 0x53, 0x6d,
  0x61, 0x6c, 0x6c, 0x5f, 0x31, 0x2f, 0x63, 0x6f, 0x6e, 0x76, 0x32, 0x64,
  0x5f, 0x35, 0x35, 0x5f, 0x31, 0x2f, 0x63, 0x6f, 0x6e, 0x76, 0x6f, 0x6c,
  0x75, 0x74, 0x69, 0x6f, 0x6e, 0x3b, 0x00, 0x00, 0x04, 0x00, 0x00, 0x00,
  0x01, 0x00, 0x00, 0x00, 0x01, 0x00, 0x00, 0x00, 0x01, 0x00, 0x00, 0x00,
  0x18, 0x00, 0x00, 0x00, 0xd2, 0xe3, 0xff, 0xff, 0x00, 0x00, 0x00, 0x01,
  0x18, 0x00, 0x00, 0x00, 0x28, 0x00, 0x00, 0x00, 0x48, 0x00, 0x00, 0x00,
  0x26, 0x00, 0x00, 0x00, 0x00, 0x00, 0x00, 0x09, 0x68, 0x00, 0x00, 0x00,
  0x04, 0x00, 0x00, 0x00, 0xff, 0xff, 0xff, 0xff, 0x01, 0x00, 0x00, 0x00,
  0x01, 0x00, 0x00, 0x00, 0x06, 0x00, 0x00, 0x00, 0xbc, 0xe3, 0xff, 0xff,
  0x08, 0x00, 0x00, 0x00, 0x14, 0x00, 0x00, 0x00, 0x01, 0x00, 0x00, 0x00,
  0x86, 0xff, 0xff, 0xff, 0xff, 0xff, 0xff, 0xff, 0x00, 0x00, 0x00, 0x00,
  0x01, 0x00, 0x00, 0x00, 0xb9, 0xd7, 0x4d, 0x3d, 0x24, 0x00, 0x00, 0x00,
  0x59, 0x4f, 0x4c, 0x4f, 0x5f, 0x53, 0x74, 0x79, 0x6c, 0x65, 0x5f, 0x53,
  0x6d, 0x61, 0x6c, 0x6c, 0x5f, 0x31, 0x2f, 0x63, 0x6f, 0x6e, 0x76, 0x32,
  0x64, 0x5f, 0x35, 0x34, 0x5f, 0x31, 0x2f, 0x6d, 0x75, 0x6c, 0x5f, 0x31,
  0x00, 0x00, 0x00, 0x00, 0x04, 0x00, 0x00, 0x00, 0x01, 0x00, 0x00, 0x00,
  0x01, 0x00, 0x00, 0x00, 0x01, 0x00, 0x00, 0x00, 0x06, 0x00, 0x00, 0x00,
  0x6a, 0xe4, 0xff, 0xff, 0x00, 0x00, 0x00, 0x01, 0x18, 0x00, 0x00, 0x00,
  0x28, 0x00, 0x00, 0x00, 0x48, 0x00, 0x00, 0x00, 0x25, 0x00, 0x00, 0x00,
  0x00, 0x00, 0x00, 0x09, 0x68, 0x00, 0x00, 0x00, 0x04, 0x00, 0x00, 0x00,
  0xff, 0xff, 0xff, 0xff, 0x01, 0x00, 0x00, 0x00, 0x01, 0x00, 0x00, 0x00,
  0x06, 0x00, 0x00, 0x00, 0x54, 0xe4, 0xff, 0xff, 0x08, 0x00, 0x00, 0x00,
  0x14, 0x00, 0x00, 0x00, 0x01, 0x00, 0x00, 0x00, 0x80, 0xff, 0xff, 0xff,
  0xff, 0xff, 0xff, 0xff, 0x00, 0x00, 0x00, 0x00, 0x01, 0x00, 0x00, 0x00,
  0x00, 0x00, 0x80, 0x3b, 0x26, 0x00, 0x00, 0x00, 0x59, 0x4f, 0x4c, 0x4f,
  0x5f, 0x53, 0x74, 0x79, 0x6c, 0x65, 0x5f, 0x53, 0x6d, 0x61, 0x6c, 0x6c,
  0x5f, 0x31, 0x2f, 0x63, 0x6f, 0x6e, 0x76, 0x32, 0x64, 0x5f, 0x35, 0x34,
  0x5f, 0x31, 0x2f, 0x53, 0x69, 0x67, 0x6d, 0x6f, 0x69, 0x64, 0x00, 0x00,
  0x04, 0x00, 0x00, 0x00, 0x01, 0x00, 0x00, 0x00, 0x01, 0x00, 0x00, 0x00,
  0x01, 0x00, 0x00, 0x00, 0x06, 0x00, 0x00, 0x00, 0x02, 0xe5, 0xff, 0xff,
  0x00, 0x00, 0x00, 0x01, 0x18, 0x00, 0x00, 0x00, 0x28, 0x00, 0x00, 0x00,
  0x44, 0x00, 0x00, 0x00, 0x24, 0x00, 0x00, 0x00, 0x00, 0x00, 0x00, 0x09,
  0x90, 0x00, 0x00, 0x00, 0x04, 0x00, 0x00, 0x00, 0xff, 0xff, 0xff, 0xff,
  0x01, 0x00, 0x00, 0x00, 0x01, 0x00, 0x00, 0x00, 0x06, 0x00, 0x00, 0x00,
  0xec, 0xe4, 0xff, 0xff, 0x08, 0x00, 0x00, 0x00, 0x10, 0x00, 0x00, 0x00,
  0x01, 0x00, 0x00, 0x00, 0xd4, 0xff, 0xff, 0xff, 0xff, 0xff, 0xff, 0xff,
  0x01, 0x00, 0x00, 0x00, 0x94, 0xbd, 0x95, 0x3d, 0x52, 0x00, 0x00, 0x00,
  0x59, 0x4f, 0x4c, 0x4f, 0x5f, 0x53, 0x74, 0x79, 0x6c, 0x65, 0x5f, 0x53,
  0x6d, 0x61, 0x6c, 0x6c, 0x5f, 0x31, 0x2f, 0x63, 0x6f, 0x6e, 0x76, 0x32,
  0x64, 0x5f, 0x35, 0x34, 0x5f, 0x31, 0x2f, 0x42, 0x69, 0x61, 0x73, 0x41,
  0x64, 0x64, 0x3b, 0x59, 0x4f, 0x4c, 0x4f, 0x5f, 0x53, 0x74, 0x79, 0x6c,
  0x65, 0x5f, 0x53, 0x6d, 0x61, 0x6c, 0x6c, 0x5f, 0x31, 0x2f, 0x63, 0x6f,
  0x6e, 0x76, 0x32, 0x64, 0x5f, 0x35, 0x34, 0x5f, 0x31, 0x2f, 0x63, 0x6f,
  0x6e, 0x76, 0x6f, 0x6c, 0x75, 0x74, 0x69, 0x6f, 0x6e, 0x3b, 0x00, 0x00,
  0x04, 0x00, 0x00, 0x00, 0x01, 0x00, 0x00, 0x00, 0x01, 0x00, 0x00, 0x00,
  0x01, 0x00, 0x00, 0x00, 0x06, 0x00, 0x00, 0x00, 0xc2, 0xe5, 0xff, 0xff,
  0x00, 0x00, 0x00, 0x01, 0x18, 0x00, 0x00, 0x00, 0x28, 0x00, 0x00, 0x00,
  0x44, 0x00, 0x00, 0x00, 0x23, 0x00, 0x00, 0x00, 0x00, 0x00, 0x00, 0x09,
  0x70, 0x00, 0x00, 0x00, 0x04, 0x00, 0x00, 0x00, 0xff, 0xff, 0xff, 0xff,
  0x01, 0x00, 0x00, 0x00, 0x01, 0x00, 0x00, 0x00, 0x18, 0x00, 0x00, 0x00,
  0xac, 0xe5, 0xff, 0xff, 0x08, 0x00, 0x00, 0x00, 0x10, 0x00, 0x00, 0x00,
  0x01, 0x00, 0x00, 0x00, 0x80, 0xff, 0xff, 0xff, 0xff, 0xff, 0xff, 0xff,
  0x01, 0x00, 0x00, 0x00, 0xa5, 0x00, 0xa5, 0x3d, 0x30, 0x00, 0x00, 0x00,
  0x59, 0x4f, 0x4c, 0x4f, 0x5f, 0x53, 0x74, 0x79, 0x6c, 0x65, 0x5f, 0x53,
  0x6d, 0x61, 0x6c, 0x6c, 0x5f, 0x31, 0x2f, 0x61, 0x76, 0x65, 0x72, 0x61,
  0x67, 0x65, 0x5f, 0x70, 0x6f, 0x6f, 0x6c, 0x69, 0x6e, 0x67, 0x32, 0x64,
  0x5f, 0x33, 0x5f, 0x31, 0x2f, 0x41, 0x76, 0x67, 0x50, 0x6f, 0x6f, 0x6c,
  0x00, 0x00, 0x00, 0x00, 0x04, 0x00, 0x00, 0x00, 0x01, 0x00, 0x00, 0x00,
  0x01, 0x00, 0x00, 0x00, 0x01, 0x00, 0x00, 0x00, 0x18, 0x00, 0x00, 0x00,
  0x62, 0xe6, 0xff, 0xff, 0x00, 0x00, 0x00, 0x01, 0x18, 0x00, 0x00, 0x00,
  0x28, 0x00, 0x00, 0x00, 0x48, 0x00, 0x00, 0x00, 0x22, 0x00, 0x00, 0x00,
  0x00, 0x00, 0x00, 0x09, 0x70, 0x00, 0x00, 0x00, 0x04, 0x00, 0x00, 0x00,
  0xff, 0xff, 0xff, 0xff, 0x08, 0x00, 0x00, 0x00, 0x08, 0x00, 0x00, 0x00,
  0x18, 0x00, 0x00, 0x00, 0x4c, 0xe6, 0xff, 0xff, 0x08, 0x00, 0x00, 0x00,
  0x14, 0x00, 0x00, 0x00, 0x01, 0x00, 0x00, 0x00, 0x80, 0xff, 0xff, 0xff,
  0xff, 0xff, 0xff, 0xff, 0x00, 0x00, 0x00, 0x00, 0x01, 0x00, 0x00, 0x00,
  0xa5, 0x00, 0xa5, 0x3d, 0x2f, 0x00, 0x00, 0x00, 0x59, 0x4f, 0x4c, 0x4f,
  0x5f, 0x53, 0x74, 0x79, 0x6c, 0x65, 0x5f, 0x53, 0x6d, 0x61, 0x6c, 0x6c,
  0x5f, 0x31, 0x2f, 0x6d, 0x61, 0x78, 0x5f, 0x70, 0x6f, 0x6f, 0x6c, 0x69,
  0x6e, 0x67, 0x32, 0x64, 0x5f, 0x31, 0x31, 0x5f, 0x31, 0x2f, 0x4d, 0x61,
  0x78, 0x50, 0x6f, 0x6f, 0x6c, 0x32, 0x64, 0x00, 0x04, 0x00, 0x00, 0x00,
  0x01, 0x00, 0x00, 0x00, 0x08, 0x00, 0x00, 0x00, 0x08, 0x00, 0x00, 0x00,
  0x18, 0x00, 0x00, 0x00, 0x02, 0xe7, 0xff, 0xff, 0x00, 0x00, 0x00, 0x01,
  0x18, 0x00, 0x00, 0x00, 0x28, 0x00, 0x00, 0x00, 0x44, 0x00, 0x00, 0x00,
  0x21, 0x00, 0x00, 0x00, 0x00, 0x00, 0x00, 0x09, 0xa0, 0x00, 0x00, 0x00,
  0x04, 0x00, 0x00, 0x00, 0xff, 0xff, 0xff, 0xff, 0x10, 0x00, 0x00, 0x00,
  0x10, 0x00, 0x00, 0x00, 0x18, 0x00, 0x00, 0x00, 0xec, 0xe6, 0xff, 0xff,
  0x08, 0x00, 0x00, 0x00, 0x10, 0x00, 0x00, 0x00, 0x01, 0x00, 0x00, 0x00,
  0x80, 0xff, 0xff, 0xff, 0xff, 0xff, 0xff, 0xff, 0x01, 0x00, 0x00, 0x00,
  0xa5, 0x00, 0xa5, 0x3d, 0x63, 0x00, 0x00, 0x00, 0x59, 0x4f, 0x4c, 0x4f,
  0x5f, 0x53, 0x74, 0x79, 0x6c, 0x65, 0x5f, 0x53, 0x6d, 0x61, 0x6c, 0x6c,
  0x5f, 0x31, 0x2f, 0x61, 0x63, 0x74, 0x69, 0x76, 0x61, 0x74, 0x69, 0x6f,
  0x6e, 0x5f, 0x32, 0x34, 0x5f, 0x31, 0x2f, 0x52, 0x65, 0x6c, 0x75, 0x3b,
  0x59, 0x4f, 0x4c, 0x4f, 0x5f, 0x53, 0x74, 0x79, 0x6c, 0x65, 0x5f, 0x53,
  0x6d, 0x61, 0x6c, 0x6c, 0x5f, 0x31, 0x2f, 0x62, 0x61, 0x74, 0x63, 0x68,
  0x5f, 0x6e, 0x6f, 0x72, 0x6d, 0x61, 0x6c, 0x69, 0x7a, 0x61, 0x74, 0x69,
  0x6f, 0x6e, 0x5f, 0x33, 0x32, 0x5f, 0x31, 0x2f, 0x62, 0x61, 0x74, 0x63,
  0x68, 0x6e, 0x6f, 0x72, 0x6d, 0x2f, 0x61, 0x64, 0x64, 0x5f, 0x31, 0x00,
  0x04, 0x00, 0x00, 0x00, 0x01, 0x00, 0x00, 0x00, 0x10, 0x00, 0x00, 0x00,
  0x10, 0x00, 0x00, 0x00, 0x18, 0x00, 0x00, 0x00, 0xd2, 0xe7, 0xff, 0xff,
  0x00, 0x00, 0x00, 0x01, 0x18, 0x00, 0x00, 0x00, 0x28, 0x00, 0x00, 0x00,
  0x44, 0x00, 0x00, 0x00, 0x20, 0x00, 0x00, 0x00, 0x00, 0x00, 0x00, 0x09,
  0x78, 0x00, 0x00, 0x00, 0x04, 0x00, 0x00, 0x00, 0xff, 0xff, 0xff, 0xff,
  0x10, 0x00, 0x00, 0x00, 0x10, 0x00, 0x00, 0x00, 0x18, 0x00, 0x00, 0x00,
  0xbc, 0xe7, 0xff, 0xff, 0x08, 0x00, 0x00, 0x00, 0x10, 0x00, 0x00, 0x00,
  0x01, 0x00, 0x00, 0x00, 0xfd, 0xff, 0xff, 0xff, 0xff, 0xff, 0xff, 0xff,
  0x01, 0x00, 0x00, 0x00, 0xdb, 0x92, 0x28, 0x3e, 0x3b, 0x00, 0x00, 0x00,
  0x59, 0x4f, 0x4c, 0x4f, 0x5f, 0x53, 0x74, 0x79, 0x6c, 0x65, 0x5f, 0x53,
  0x6d, 0x61, 0x6c, 0x6c, 0x5f, 0x31, 0x2f, 0x62, 0x61, 0x74, 0x63, 0x68,
  0x5f, 0x6e, 0x6f, 0x72, 0x6d, 0x61, 0x6c, 0x69, 0x7a, 0x61, 0x74, 0x69,
  0x6f, 0x6e, 0x5f, 0x33, 0x32, 0x5f, 0x31, 0x2f, 0x62, 0x61, 0x74, 0x63,
  0x68, 0x6e, 0x6f, 0x72, 0x6d, 0x2f, 0x6d, 0x75, 0x6c, 0x5f, 0x31, 0x00,
  0x04, 0x00, 0x00, 0x00, 0x01, 0x00, 0x00, 0x00, 0x10, 0x00, 0x00, 0x00,
  0x10, 0x00, 0x00, 0x00, 0x18, 0x00, 0x00, 0x00, 0x7a, 0xe8, 0xff, 0xff,
  0x00, 0x00, 0x00, 0x01, 0x18, 0x00, 0x00, 0x00, 0x28, 0x00, 0x00, 0x00,
  0x44, 0x00, 0x00, 0x00, 0x1f, 0x00, 0x00, 0x00, 0x00, 0x00, 0x00, 0x09,
  0x68, 0x00, 0x00, 0x00, 0x04, 0x00, 0x00, 0x00, 0xff, 0xff, 0xff, 0xff,
  0x10, 0x00, 0x00, 0x00, 0x10, 0x00, 0x00, 0x00, 0x18, 0x00, 0x00, 0x00,
  0x64, 0xe8, 0xff, 0xff, 0x08, 0x00, 0x00, 0x00, 0x10, 0x00, 0x00, 0x00,
  0x01, 0x00, 0x00, 0x00, 0xfd, 0xff, 0xff, 0xff, 0xff, 0xff, 0xff, 0xff,
  0x01, 0x00, 0x00, 0x00, 0xdb, 0x92, 0x28, 0x3e, 0x29, 0x00, 0x00, 0x00,
  0x59, 0x4f, 0x4c, 0x4f, 0x5f, 0x53, 0x74, 0x79, 0x6c, 0x65, 0x5f, 0x53,
  0x6d, 0x61, 0x6c, 0x6c, 0x5f, 0x31, 0x2f, 0x63, 0x6f, 0x6e, 0x63, 0x61,
  0x74, 0x65, 0x6e, 0x61, 0x74, 0x65, 0x5f, 0x37, 0x5f, 0x31, 0x2f, 0x63,
  0x6f, 0x6e, 0x63, 0x61, 0x74, 0x00, 0x00, 0x00, 0x04, 0x00, 0x00, 0x00,
  0x01, 0x00, 0x00, 0x00, 0x10, 0x00, 0x00, 0x00, 0x10, 0x00, 0x00, 0x00,
  0x18, 0x00, 0x00, 0x00, 0x12, 0xe9, 0xff, 0xff, 0x00, 0x00, 0x00, 0x01,
  0x18, 0x00, 0x00, 0x00, 0x28, 0x00, 0x00, 0x00, 0x44, 0x00, 0x00, 0x00,
  0x1e, 0x00, 0x00, 0x00, 0x00, 0x00, 0x00, 0x09, 0x68, 0x00, 0x00, 0x00,
  0x04, 0x00, 0x00, 0x00, 0xff, 0xff, 0xff, 0xff, 0x10, 0x00, 0x00, 0x00,
  0x10, 0x00, 0x00, 0x00, 0x0c, 0x00, 0x00, 0x00, 0xfc, 0xe8, 0xff, 0xff,
  0x08, 0x00, 0x00, 0x00, 0x10, 0x00, 0x00, 0x00, 0x01, 0x00, 0x00, 0x00,
  0xfd, 0xff, 0xff, 0xff, 0xff, 0xff, 0xff, 0xff, 0x01, 0x00, 0x00, 0x00,
  0xdb, 0x92, 0x28, 0x3e, 0x2a, 0x00, 0x00, 0x00, 0x59, 0x4f, 0x4c, 0x4f,
  0x5f, 0x53, 0x74, 0x79, 0x6c, 0x65, 0x5f, 0x53, 0x6d, 0x61, 0x6c, 0x6c,
  0x5f, 0x31, 0x2f, 0x63, 0x6f, 0x6e, 0x76, 0x32, 0x64, 0x5f, 0x35, 0x33,
  0x5f, 0x31, 0x2f, 0x63, 0x6f, 0x6e, 0x76, 0x6f, 0x6c, 0x75, 0x74, 0x69,
  0x6f, 0x6e, 0x00, 0x00, 0x04, 0x00, 0x00, 0x00, 0x01, 0x00, 0x00, 0x00,
  0x10, 0x00, 0x00, 0x00, 0x10, 0x00, 0x00, 0x00, 0x0c, 0x00, 0x00, 0x00,
  0xaa, 0xe9, 0xff, 0xff, 0x00, 0x00, 0x00, 0x01, 0x18, 0x00, 0x00, 0x00,
  0x28, 0x00, 0x00, 0x00, 0x44, 0x00, 0x00, 0x00, 0x1d, 0x00, 0x00, 0x00,
  0x00, 0x00, 0x00, 0x09, 0x68, 0x00, 0x00, 0x00, 0x04, 0x00, 0x00, 0x00,
  0xff, 0xff, 0xff, 0xff, 0x10, 0x00, 0x00, 0x00, 0x10, 0x00, 0x00, 0x00,
  0x0c, 0x00, 0x00, 0x00, 0x94, 0xe9, 0xff, 0xff, 0x08, 0x00, 0x00, 0x00,
  0x10, 0x00, 0x00, 0x00, 0x01, 0x00, 0x00, 0x00, 0xfd, 0xff, 0xff, 0xff,
  0xff, 0xff, 0xff, 0xff, 0x01, 0x00, 0x00, 0x00, 0xdb, 0x92, 0x28, 0x3e,
  0x2a, 0x00, 0x00, 0x00, 0x59, 0x4f, 0x4c, 0x4f, 0x5f, 0x53, 0x74, 0x79,
  0x6c, 0x65, 0x5f, 0x53, 0x6d, 0x61, 0x6c, 0x6c, 0x5f, 0x31, 0x2f, 0x63,
  0x6f, 0x6e, 0x76, 0x32, 0x64, 0x5f, 0x35, 0x32, 0x5f, 0x31, 0x2f, 0x63,
  0x6f, 0x6e, 0x76, 0x6f, 0x6c, 0x75, 0x74, 0x69, 0x6f, 0x6e, 0x00, 0x00,
  0x04, 0x00, 0x00, 0x00, 0x01, 0x00, 0x00, 0x00, 0x10, 0x00, 0x00, 0x00,
  0x10, 0x00, 0x00, 0x00, 0x0c, 0x00, 0x00, 0x00, 0x42, 0xea, 0xff, 0xff,
  0x00, 0x00, 0x00, 0x01, 0x18, 0x00, 0x00, 0x00, 0x28, 0x00, 0x00, 0x00,
  0x48, 0x00, 0x00, 0x00, 0x1c, 0x00, 0x00, 0x00, 0x00, 0x00, 0x00, 0x09,
  0x70, 0x00, 0x00, 0x00, 0x04, 0x00, 0x00, 0x00, 0xff, 0xff, 0xff, 0xff,
  0x10, 0x00, 0x00, 0x00, 0x10, 0x00, 0x00, 0x00, 0x10, 0x00, 0x00, 0x00,
  0x2c, 0xea, 0xff, 0xff, 0x08, 0x00, 0x00, 0x00, 0x14, 0x00, 0x00, 0x00,
  0x01, 0x00, 0x00, 0x00, 0x80, 0xff, 0xff, 0xff, 0xff, 0xff, 0xff, 0xff,
  0x00, 0x00, 0x00, 0x00, 0x01, 0x00, 0x00, 0x00, 0x90, 0xe9, 0x35, 0x3d,
  0x2f, 0x00, 0x00, 0x00, 0x59, 0x4f, 0x4c, 0x4f, 0x5f, 0x53, 0x74, 0x79,
  0x6c, 0x65, 0x5f, 0x53, 0x6d, 0x61, 0x6c, 0x6c, 0x5f, 0x31, 0x2f, 0x6d,
  0x61, 0x78, 0x5f, 0x70, 0x6f, 0x6f, 0x6c, 0x69, 0x6e, 0x67, 0x32, 0x64,
  0x5f, 0x31, 0x30, 0x5f, 0x31, 0x2f, 0x4d, 0x61, 0x78, 0x50, 0x6f, 0x6f,
  0x6c, 0x32, 0x64, 0x00, 0x04, 0x00, 0x00, 0x00, 0x01, 0x00, 0x00, 0x00,
  0x10, 0x00, 0x00, 0x00, 0x10, 0x00, 0x00, 0x00, 0x10, 0x00, 0x00, 0x00,
  0xe2, 0xea, 0xff, 0xff, 0x00, 0x00, 0x00, 0x01, 0x18, 0x00, 0x00, 0x00,
  0x28, 0x00, 0x00, 0x00, 0x44, 0x00, 0x00, 0x00, 0x1b, 0x00, 0x00, 0x00,
  0x00, 0x00, 0x00, 0x09, 0xa0, 0x00, 0x00, 0x00, 0x04, 0x00, 0x00, 0x00,
  0xff, 0xff, 0xff, 0xff, 0x20, 0x00, 0x00, 0x00, 0x20, 0x00, 0x00, 0x00,
  0x10, 0x00, 0x00, 0x00, 0xcc, 0xea, 0xff, 0xff, 0x08, 0x00, 0x00, 0x00,
  0x10, 0x00, 0x00, 0x00, 0x01, 0x00, 0x00, 0x00, 0x80, 0xff, 0xff, 0xff,
  0xff, 0xff, 0xff, 0xff, 0x01, 0x00, 0x00, 0x00, 0x90, 0xe9, 0x35, 0x3d,
  0x63, 0x00, 0x00, 0x00, 0x59, 0x4f, 0x4c, 0x4f, 0x5f, 0x53, 0x74, 0x79,
  0x6c, 0x65, 0x5f, 0x53, 0x6d, 0x61, 0x6c, 0x6c, 0x5f, 0x31, 0x2f, 0x61,
  0x63, 0x74, 0x69, 0x76, 0x61, 0x74, 0x69, 0x6f, 0x6e, 0x5f, 0x32, 0x33,
  0x5f, 0x31, 0x2f, 0x52, 0x65, 0x6c, 0x75, 0x3b, 0x59, 0x4f, 0x4c, 0x4f,
  0x5f, 0x53, 0x74, 0x79, 0x6c, 0x65, 0x5f, 0x53, 0x6d, 0x61, 0x6c, 0x6c,
  0x5f, 0x31, 0x2f, 0x62, 0x61, 0x74, 0x63, 0x68, 0x5f, 0x6e, 0x6f, 0x72,
  0x6d, 0x61, 0x6c, 0x69, 0x7a, 0x61, 0x74, 0x69, 0x6f, 0x6e, 0x5f, 0x33,
  0x31, 0x5f, 0x31, 0x2f, 0x62, 0x61, 0x74, 0x63, 0x68, 0x6e, 0x6f, 0x72,
  0x6d, 0x2f, 0x61, 0x64, 0x64, 0x5f, 0x31, 0x00, 0x04, 0x00, 0x00, 0x00,
  0x01, 0x00, 0x00, 0x00, 0x20, 0x00, 0x00, 0x00, 0x20, 0x00, 0x00, 0x00,
  0x10, 0x00, 0x00, 0x00, 0xb2, 0xeb, 0xff, 0xff, 0x00, 0x00, 0x00, 0x01,
  0x18, 0x00, 0x00, 0x00, 0x28, 0x00, 0x00, 0x00, 0x44, 0x00, 0x00, 0x00,
  0x1a, 0x00, 0x00, 0x00, 0x00, 0x00, 0x00, 0x09, 0x78, 0x00, 0x00, 0x00,
  0x04, 0x00, 0x00, 0x00, 0xff, 0xff, 0xff, 0xff, 0x20, 0x00, 0x00, 0x00,
  0x20, 0x00, 0x00, 0x00, 0x10, 0x00, 0x00, 0x00, 0x9c, 0xeb, 0xff, 0xff,
  0x08, 0x00, 0x00, 0x00, 0x10, 0x00, 0x00, 0x00, 0x01, 0x00, 0x00, 0x00,
  0x1d, 0x00, 0x00, 0x00, 0x00, 0x00, 0x00, 0x00, 0x01, 0x00, 0x00, 0x00,
  0x01, 0x29, 0xfc, 0x3d, 0x3b, 0x00, 0x00, 0x00, 0x59, 0x4f, 0x4c, 0x4f,
  0x5f, 0x53, 0x74, 0x79, 0x6c, 0x65, 0x5f, 0x53, 0x6d, 0x61, 0x6c, 0x6c,
  0x5f, 0x31, 0x2f, 0x62, 0x61, 0x74, 0x63, 0x68, 0x5f, 0x6e, 0x6f, 0x72,
  0x6d, 0x61, 0x6c, 0x69, 0x7a, 0x61, 0x74, 0x69, 0x6f, 0x6e, 0x5f, 0x33,
  0x31, 0x5f, 0x31, 0x2f, 0x62, 0x61, 0x74, 0x63, 0x68, 0x6e, 0x6f, 0x72,
  0x6d, 0x2f, 0x6d, 0x75, 0x6c, 0x5f, 0x31, 0x00, 0x04, 0x00, 0x00, 0x00,
  0x01, 0x00, 0x00, 0x00, 0x20, 0x00, 0x00, 0x00, 0x20, 0x00, 0x00, 0x00,
  0x10, 0x00, 0x00, 0x00, 0x5a, 0xec, 0xff, 0xff, 0x00, 0x00, 0x00, 0x01,
  0x18, 0x00, 0x00, 0x00, 0x28, 0x00, 0x00, 0x00, 0x44, 0x00, 0x00, 0x00,
  0x19, 0x00, 0x00, 0x00, 0x00, 0x00, 0x00, 0x09, 0x68, 0x00, 0x00, 0x00,
  0x04, 0x00, 0x00, 0x00, 0xff, 0xff, 0xff, 0xff, 0x20, 0x00, 0x00, 0x00,
  0x20, 0x00, 0x00, 0x00, 0x10, 0x00, 0x00, 0x00, 0x44, 0xec, 0xff, 0xff,
  0x08, 0x00, 0x00, 0x00, 0x10, 0x00, 0x00, 0x00, 0x01, 0x00, 0x00, 0x00,
  0x19, 0x00, 0x00, 0x00, 0x00, 0x00, 0x00, 0x00, 0x01, 0x00, 0x00, 0x00,
  0x55, 0x99, 0x75, 0x40, 0x29, 0x00, 0x00, 0x00, 0x59, 0x4f, 0x4c, 0x4f,
  0x5f, 0x53, 0x74, 0x79, 0x6c, 0x65, 0x5f, 0x53, 0x6d, 0x61, 0x6c, 0x6c,
  0x5f, 0x31, 0x2f, 0x63, 0x6f, 0x6e, 0x63, 0x61, 0x74, 0x65, 0x6e, 0x61,
  0x74, 0x65, 0x5f, 0x36, 0x5f, 0x31, 0x2f, 0x63, 0x6f, 0x6e, 0x63, 0x61,
  0x74, 0x00, 0x00, 0x00, 0x04, 0x00, 0x00, 0x00, 0x01, 0x00, 0x00, 0x00,
  0x20, 0x00, 0x00, 0x00, 0x20, 0x00, 0x00, 0x00, 0x10, 0x00, 0x00, 0x00,
  0xf2, 0xec, 0xff, 0xff, 0x00, 0x00, 0x00, 0x01, 0x18, 0x00, 0x00, 0x00,
  0x28, 0x00, 0x00, 0x00, 0x44, 0x00, 0x00, 0x00, 0x18, 0x00, 0x00, 0x00,
  0x00, 0x00, 0x00, 0x09, 0x68, 0x00, 0x00, 0x00, 0x04, 0x00, 0x00, 0x00,
  0xff, 0xff, 0xff, 0xff, 0x20, 0x00, 0x00, 0x00, 0x20, 0x00, 0x00, 0x00,
  0x08, 0x00, 0x00, 0x00, 0xdc, 0xec, 0xff, 0xff, 0x08, 0x00, 0x00, 0x00,
  0x10, 0x00, 0x00, 0x00, 0x01, 0x00, 0x00, 0x00, 0x19, 0x00, 0x00, 0x00,
  0x00, 0x00, 0x00, 0x00, 0x01, 0x00, 0x00, 0x00, 0x55, 0x99, 0x75, 0x40,
  0x2a, 0x00, 0x00, 0x00, 0x59, 0x4f, 0x4c, 0x4f, 0x5f, 0x53, 0x74, 0x79,
  0x6c, 0x65, 0x5f, 0x53, 0x6d, 0x61, 0x6c, 0x6c, 0x5f, 0x31, 0x2f, 0x63,
  0x6f, 0x6e, 0x76, 0x32, 0x64, 0x5f, 0x35, 0x31, 0x5f, 0x31, 0x2f, 0x63,
  0x6f, 0x6e, 0x76, 0x6f, 0x6c, 0x75, 0x74, 0x69, 0x6f, 0x6e, 0x00, 0x00,
  0x04, 0x00, 0x00, 0x00, 0x01, 0x00, 0x00, 0x00, 0x20, 0x00, 0x00, 0x00,
  0x20, 0x00, 0x00, 0x00, 0x08, 0x00, 0x00, 0x00, 0x8a, 0xed, 0xff, 0xff,
  0x00, 0x00, 0x00, 0x01, 0x18, 0x00, 0x00, 0x00, 0x28, 0x00, 0x00, 0x00,
  0x44, 0x00, 0x00, 0x00, 0x17, 0x00, 0x00, 0x00, 0x00, 0x00, 0x00, 0x09,
  0x68, 0x00, 0x00, 0x00, 0x04, 0x00, 0x00, 0x00, 0xff, 0xff, 0xff, 0xff,
  0x20, 0x00, 0x00, 0x00, 0x20, 0x00, 0x00, 0x00, 0x08, 0x00, 0x00, 0x00,
  0x74, 0xed, 0xff, 0xff, 0x08, 0x00, 0x00, 0x00, 0x10, 0x00, 0x00, 0x00,
  0x01, 0x00, 0x00, 0x00, 0x19, 0x00, 0x00, 0x00, 0x00, 0x00, 0x00, 0x00,
  0x01, 0x00, 0x00, 0x00, 0x55, 0x99, 0x75, 0x40, 0x2b, 0x00, 0x00, 0x00,
  0x59, 0x4f, 0x4c, 0x4f, 0x5f, 0x53, 0x74, 0x79, 0x6c, 0x65, 0x5f, 0x53,
  0x6d, 0x61, 0x6c, 0x6c, 0x5f, 0x31, 0x2f, 0x63, 0x6f, 0x6e, 0x76, 0x32,
  0x64, 0x5f, 0x35, 0x30, 0x5f, 0x31, 0x2f, 0x63, 0x6f, 0x6e, 0x76, 0x6f,
  0x6c, 0x75, 0x74, 0x69, 0x6f, 0x6e, 0x31, 0x00, 0x04, 0x00, 0x00, 0x00,
  0x01, 0x00, 0x00, 0x00, 0x20, 0x00, 0x00, 0x00, 0x20, 0x00, 0x00, 0x00,
  0x08, 0x00, 0x00, 0x00, 0x7a, 0xee, 0xff, 0xff, 0x00, 0x00, 0x00, 0x01,
  0x14, 0x00, 0x00, 0x00, 0x88, 0x00, 0x00, 0x00, 0x16, 0x00, 0x00, 0x00,
  0x00, 0x00, 0x00, 0x09, 0x94, 0x00, 0x00, 0x00, 0xf4, 0xed, 0xff, 0xff,
  0x08, 0x00, 0x00, 0x00, 0x4c, 0x00, 0x00, 0x00, 0x08, 0x00, 0x00, 0x00,
  0x00, 0x00, 0x00, 0x00, 0x00, 0x00, 0x00, 0x00, 0x00, 0x00, 0x00, 0x00,
  0x00, 0x00, 0x00, 0x00, 0x00, 0x00, 0x00, 0x00, 0x00, 0x00, 0x00, 0x00,
  0x00, 0x00, 0x00, 0x00, 0x00, 0x00, 0x00, 0x00, 0x00, 0x00, 0x00, 0x00,
  0x00, 0x00, 0x00, 0x00, 0x00, 0x00, 0x00, 0x00, 0x00, 0x00, 0x00, 0x00,
  0x00, 0x00, 0x00, 0x00, 0x00, 0x00, 0x00, 0x00, 0x00, 0x00, 0x00, 0x00,
  0x00, 0x00, 0x00, 0x00, 0x00, 0x00, 0x00, 0x00, 0x08, 0x00, 0x00, 0x00,
  0xfb, 0x2b, 0x34, 0x3b, 0x22, 0x2a, 0x58, 0x3b, 0xcc, 0xfc, 0x88, 0x3b,
  0x9e, 0xdf, 0x57, 0x3b, 0x4f, 0xb7, 0x9e, 0x3b, 0xdf, 0x81, 0x7c, 0x3b,
  0xd6, 0x72, 0xbc, 0x3b, 0x39, 0xbb, 0x96, 0x3b, 0x13, 0x00, 0x00, 0x00,
  0x74, 0x66, 0x6c, 0x2e, 0x70, 0x73, 0x65, 0x75, 0x64, 0x6f, 0x5f, 0x71,
  0x63, 0x6f, 0x6e, 0x73, 0x74, 0x31, 0x39, 0x00, 0x04, 0x00, 0x00, 0x00,
  0x08, 0x00, 0x00, 0x00, 0x03, 0x00, 0x00, 0x00, 0x03, 0x00, 0x00, 0x00,
  0x03, 0x00, 0x00, 0x00, 0x3a, 0xef, 0xff, 0xff, 0x00, 0x00, 0x00, 0x01,
  0x14, 0x00, 0x00, 0x00, 0x84, 0x00, 0x00, 0x00, 0x14, 0x00, 0x00, 0x00,
  0x00, 0x00, 0x00, 0x02, 0x90, 0x00, 0x00, 0x00, 0xb4, 0xee, 0xff, 0xff,
  0x08, 0x00, 0x00, 0x00, 0x48, 0x00, 0x00, 0x00, 0x08, 0x00, 0x00, 0x00,
  0x00, 0x00, 0x00, 0x00, 0x00, 0x00, 0x00, 0x00, 0x00, 0x00, 0x00, 0x00,
  0x00, 0x00, 0x00, 0x00, 0x00, 0x00, 0x00, 0x00, 0x00, 0x00, 0x00, 0x00,
  0x00, 0x00, 0x00, 0x00, 0x00, 0x00, 0x00, 0x00, 0x00, 0x00, 0x00, 0x00,
  0x00, 0x00, 0x00, 0x00, 0x00, 0x00, 0x00, 0x00, 0x00, 0x00, 0x00, 0x00,
  0x00, 0x00, 0x00, 0x00, 0x00, 0x00, 0x00, 0x00, 0x00, 0x00, 0x00, 0x00,
  0x00, 0x00, 0x00, 0x00, 0x08, 0x00, 0x00, 0x00, 0x28, 0x6a, 0xbb, 0x3b,
  0x51, 0x03, 0x2c, 0x3b, 0xe8, 0x3d, 0x40, 0x3b, 0x22, 0x3e, 0x74, 0x3b,
  0xd1, 0x46, 0x27, 0x3b, 0x6d, 0xc5, 0x57, 0x3b, 0x95, 0xb8, 0x25, 0x3b,
  0xe8, 0x46, 0x90, 0x3b, 0x13, 0x00, 0x00, 0x00, 0x74, 0x66, 0x6c, 0x2e,
  0x70, 0x73, 0x65, 0x75, 0x64, 0x6f, 0x5f, 0x71, 0x63, 0x6f, 0x6e, 0x73,
  0x74, 0x31, 0x38, 0x00, 0x01, 0x00, 0x00, 0x00, 0x08, 0x00, 0x00, 0x00,
  0xea, 0xef, 0xff, 0xff, 0x00, 0x00, 0x00, 0x01, 0x14, 0x00, 0x00, 0x00,
  0x84, 0x00, 0x00, 0x00, 0x14, 0x00, 0x00, 0x00, 0x00, 0x00, 0x00, 0x02,
  0x90, 0x00, 0x00, 0x00, 0x64, 0xef, 0xff, 0xff, 0x08, 0x00, 0x00, 0x00,
  0x48, 0x00, 0x00, 0x00, 0x08, 0x00, 0x00, 0x00, 0x00, 0x00, 0x00, 0x00,
  0x00, 0x00, 0x00, 0x00, 0x00, 0x00, 0x00, 0x00, 0x00, 0x00, 0x00, 0x00,
  0x00, 0x00, 0x00, 0x00, 0x00, 0x00, 0x00, 0x00, 0x00, 0x00, 0x00, 0x00,
  0x00, 0x00, 0x00, 0x00, 0x00, 0x00, 0x00, 0x00, 0x00, 0x00, 0x00, 0x00,
  0x00, 0x00, 0x00, 0x00, 0x00, 0x00, 0x00, 0x00, 0x00, 0x00, 0x00, 0x00,
  0x00, 0x00, 0x00, 0x00, 0x00, 0x00, 0x00, 0x00, 0x00, 0x00, 0x00, 0x00,
  0x08, 0x00, 0x00, 0x00, 0xfb, 0x2b, 0x34, 0x3b, 0x22, 0x2a, 0x58, 0x3b,
  0xcc, 0xfc, 0x88, 0x3b, 0x9e, 0xdf, 0x57, 0x3b, 0x4f, 0xb7, 0x9e, 0x3b,
  0xdf, 0x81, 0x7c, 0x3b, 0xd6, 0x72, 0xbc, 0x3b, 0x39, 0xbb, 0x96, 0x3b,
  0x13, 0x00, 0x00, 0x00, 0x74, 0x66, 0x6c, 0x2e, 0x70, 0x73, 0x65, 0x75,
  0x64, 0x6f, 0x5f, 0x71, 0x63, 0x6f, 0x6e, 0x73, 0x74, 0x31, 0x37, 0x00,
  0x01, 0x00, 0x00, 0x00, 0x08, 0x00, 0x00, 0x00, 0x9a, 0xf0, 0xff, 0xff,
  0x00, 0x00, 0x00, 0x01, 0x14, 0x00, 0x00, 0x00, 0x88, 0x00, 0x00, 0x00,
  0x13, 0x00, 0x00, 0x00, 0x00, 0x00, 0x00, 0x09, 0x94, 0x00, 0x00, 0x00,
  0x14, 0xf0, 0xff, 0xff, 0x08, 0x00, 0x00, 0x00, 0x4c, 0x00, 0x00, 0x00,
  0x08, 0x00, 0x00, 0x00, 0x00, 0x00, 0x00, 0x00, 0x00, 0x00, 0x00, 0x00,
  0x00, 0x00, 0x00, 0x00, 0x00, 0x00, 0x00, 0x00, 0x00, 0x00, 0x00, 0x00,
  0x00, 0x00, 0x00, 0x00, 0x00, 0x00, 0x00, 0x00, 0x00, 0x00, 0x00, 0x00,
  0x00, 0x00, 0x00, 0x00, 0x00, 0x00, 0x00, 0x00, 0x00, 0x00, 0x00, 0x00,
  0x00, 0x00, 0x00, 0x00, 0x00, 0x00, 0x00, 0x00, 0x00, 0x00, 0x00, 0x00,
  0x00, 0x00, 0x00, 0x00, 0x00, 0x00, 0x00, 0x00, 0x00, 0x00, 0x00, 0x00,
  0x08, 0x00, 0x00, 0x00, 0x28, 0x6a, 0xbb, 0x3b, 0x51, 0x03, 0x2c, 0x3b,
  0xe8, 0x3d, 0x40, 0x3b, 0x22, 0x3e, 0x74, 0x3b, 0xd1, 0x46, 0x27, 0x3b,
  0x6d, 0xc5, 0x57, 0x3b, 0x95, 0xb8, 0x25, 0x3b, 0xe8, 0x46, 0x90, 0x3b,
  0x13, 0x00, 0x00, 0x00, 0x74, 0x66, 0x6c, 0x2e, 0x70, 0x73, 0x65, 0x75,
  0x64, 0x6f, 0x5f, 0x71, 0x63, 0x6f, 0x6e, 0x73, 0x74, 0x31, 0x36, 0x00,
  0x04, 0x00, 0x00, 0x00, 0x08, 0x00, 0x00, 0x00, 0x05, 0x00, 0x00, 0x00,
  0x05, 0x00, 0x00, 0x00, 0x03, 0x00, 0x00, 0x00, 0x5a, 0xf1, 0xff, 0xff,
  0x00, 0x00, 0x00, 0x01, 0x14, 0x00, 0x00, 0x00, 0x34, 0x00, 0x00, 0x00,
  0x12, 0x00, 0x00, 0x00, 0x00, 0x00, 0x00, 0x09, 0x40, 0x00, 0x00, 0x00,
  0xd4, 0xf0, 0xff, 0xff, 0x08, 0x00, 0x00, 0x00, 0x14, 0x00, 0x00, 0x00,
  0x01, 0x00, 0x00, 0x00, 0x80, 0xff, 0xff, 0xff, 0xff, 0xff, 0xff, 0xff,
  0x00, 0x00, 0x00, 0x00, 0x01, 0x00, 0x00, 0x00, 0x8c, 0x15, 0x5b, 0x39,
  0x13, 0x00, 0x00, 0x00, 0x74, 0x66, 0x6c, 0x2e, 0x70, 0x73, 0x65, 0x75,
  0x64, 0x6f, 0x5f, 0x71, 0x63, 0x6f, 0x6e, 0x73, 0x74, 0x31, 0x35, 0x00,
  0x01, 0x00, 0x00, 0x00, 0x10, 0x00, 0x00, 0x00, 0xba, 0xf1, 0xff, 0xff,
  0x00, 0x00, 0x00, 0x01, 0x14, 0x00, 0x00, 0x00, 0x34, 0x00, 0x00, 0x00,
  0x11, 0x00, 0x00, 0x00, 0x00, 0x00, 0x00, 0x09, 0x40, 0x00, 0x00, 0x00,
  0x34, 0xf1, 0xff, 0xff, 0x08, 0x00, 0x00, 0x00, 0x14, 0x00, 0x00, 0x00,
  0x01, 0x00, 0x00, 0x00, 0x46, 0x00, 0x00, 0x00, 0x00, 0x00, 0x00, 0x00,
  0x00, 0x00, 0x00, 0x00, 0x01, 0x00, 0x00, 0x00, 0xd7, 0x50, 0xa4, 0x3b,
  0x13, 0x00, 0x00, 0x00, 0x74, 0x66, 0x6c, 0x2e, 0x70, 0x73, 0x65, 0x75,
  0x64, 0x6f, 0x5f, 0x71, 0x63, 0x6f, 0x6e, 0x73, 0x74, 0x31, 0x34, 0x00,
  0x01, 0x00, 0x00, 0x00, 0x10, 0x00, 0x00, 0x00, 0x1a, 0xf2, 0xff, 0xff,
  0x00, 0x00, 0x00, 0x01, 0x14, 0x00, 0x00, 0x00, 0xb8, 0x00, 0x00, 0x00,
  0x10, 0x00, 0x00, 0x00, 0x00, 0x00, 0x00, 0x09, 0xc4, 0x00, 0x00, 0x00,
  0x94, 0xf1, 0xff, 0xff, 0x08, 0x00, 0x00, 0x00, 0x6c, 0x00, 0x00, 0x00,
  0x0c, 0x00, 0x00, 0x00, 0x00, 0x00, 0x00, 0x00, 0x00, 0x00, 0x00, 0x00,
  0x00, 0x00, 0x00, 0x00, 0x00, 0x00, 0x00, 0x00, 0x00, 0x00, 0x00, 0x00,
  0x00, 0x00, 0x00, 0x00, 0x00, 0x00, 0x00, 0x00, 0x00, 0x00, 0x00, 0x00,
  0x00, 0x00, 0x00, 0x00, 0x00, 0x00, 0x00, 0x00, 0x00, 0x00, 0x00, 0x00,
  0x00, 0x00, 0x00, 0x00, 0x00, 0x00, 0x00, 0x00, 0x00, 0x00, 0x00, 0x00,
  0x00, 0x00, 0x00, 0x00, 0x00, 0x00, 0x00, 0x00, 0x00, 0x00, 0x00, 0x00,
  0x00, 0x00, 0x00, 0x00, 0x00, 0x00, 0x00, 0x00, 0x00, 0x00, 0x00, 0x00,
  0x00, 0x00, 0x00, 0x00, 0x00, 0x00, 0x00, 0x00, 0x00, 0x00, 0x00, 0x00,
  0x00, 0x00, 0x00, 0x00, 0x00, 0x00, 0x00, 0x00, 0x0c, 0x00, 0x00, 0x00,
  0x32, 0x33, 0x4a, 0x3b, 0x5f, 0x9e, 0x56, 0x3b, 0x1e, 0xf3, 0x74, 0x3b,
  0x6a, 0x20, 0x25, 0x3b, 0x95, 0x64, 0x6a, 0x3b, 0xc6, 0xcb, 0x4c, 0x3b,
  0x43, 0xe1, 0x5b, 0x3b, 0x97, 0x53, 0x63, 0x3b, 0x14, 0x87, 0x49, 0x3b,
  0x86, 0xc5, 0xa7, 0x3b, 0x42, 0x34, 0x59, 0x3b, 0x02, 0x2a, 0x59, 0x3b,
  0x13, 0x00, 0x00, 0x00, 0x74, 0x66, 0x6c, 0x2e, 0x70, 0x73, 0x65, 0x75,
  0x64, 0x6f, 0x5f, 0x71, 0x63, 0x6f, 0x6e, 0x73, 0x74, 0x31, 0x33, 0x00,
  0x04, 0x00, 0x00, 0x00, 0x0c, 0x00, 0x00, 0x00, 0x03, 0x00, 0x00, 0x00,
  0x03, 0x00, 0x00, 0x00, 0x10, 0x00, 0x00, 0x00, 0x0a, 0xf3, 0xff, 0xff,
  0x00, 0x00, 0x00, 0x01, 0x14, 0x00, 0x00, 0x00, 0xb4, 0x00, 0x00, 0x00,
  0x0e, 0x00, 0x00, 0x00, 0x00, 0x00, 0x00, 0x02, 0xc0, 0x00, 0x00, 0x00,
  0x84, 0xf2, 0xff, 0xff, 0x08, 0x00, 0x00, 0x00, 0x68, 0x00, 0x00, 0x00,
  0x0c, 0x00, 0x00, 0x00, 0x00, 0x00, 0x00, 0x00, 0x00, 0x00, 0x00, 0x00,
  0x00, 0x00, 0x00, 0x00, 0x00, 0x00, 0x00, 0x00, 0x00, 0x00, 0x00, 0x00,
  0x00, 0x00, 0x00, 0x00, 0x00, 0x00, 0x00, 0x00, 0x00, 0x00, 0x00, 0x00,
  0x00, 0x00, 0x00, 0x00, 0x00, 0x00, 0x00, 0x00, 0x00, 0x00, 0x00, 0x00,
  0x00, 0x00, 0x00, 0x00, 0x00, 0x00, 0x00, 0x00, 0x00, 0x00, 0x00, 0x00,
  0x00, 0x00, 0x00, 0x00, 0x00, 0x00, 0x00, 0x00, 0x00, 0x00, 0x00, 0x00,
  0x00, 0x00, 0x00, 0x00, 0x00, 0x00, 0x00, 0x00, 0x00, 0x00, 0x00, 0x00,
  0x00, 0x00, 0x00, 0x00, 0x00, 0x00, 0x00, 0x00, 0x00, 0x00, 0x00, 0x00,
  0x00, 0x00, 0x00, 0x00, 0x0c, 0x00, 0x00, 0x00, 0xeb, 0xba, 0xf5, 0x38,
  0x19, 0x14, 0x09, 0x39, 0xa5, 0x13, 0x19, 0x39, 0x4d, 0x11, 0x43, 0x39,
  0x5a, 0xdd, 0xe0, 0x38, 0xf2, 0xc5, 0x28, 0x39, 0xec, 0x16, 0x3d, 0x39,
  0x41, 0x28, 0x0d, 0x39, 0x37, 0xf1, 0xed, 0x38, 0x82, 0xe8, 0xf2, 0x38,
  0xbf, 0x74, 0x0b, 0x39, 0x72, 0xef, 0xca, 0x38, 0x13, 0x00, 0x00, 0x00,
  0x74, 0x66, 0x6c, 0x2e, 0x70, 0x73, 0x65, 0x75, 0x64, 0x6f, 0x5f, 0x71,
  0x63, 0x6f, 0x6e, 0x73, 0x74, 0x31, 0x32, 0x00, 0x01, 0x00, 0x00, 0x00,
  0x0c, 0x00, 0x00, 0x00, 0xea, 0xf3, 0xff, 0xff, 0x00, 0x00, 0x00, 0x01,
  0x14, 0x00, 0x00, 0x00, 0xb4, 0x00, 0x00, 0x00, 0x0e, 0x00, 0x00, 0x00,
  0x00, 0x00, 0x00, 0x02, 0xc0, 0x00, 0x00, 0x00, 0x64, 0xf3, 0xff, 0xff,
  0x08, 0x00, 0x00, 0x00, 0x68, 0x00, 0x00, 0x00, 0x0c, 0x00, 0x00, 0x00,
  0x00, 0x00, 0x00, 0x00, 0x00, 0x00, 0x00, 0x00, 0x00, 0x00, 0x00, 0x00,
  0x00, 0x00, 0x00, 0x00, 0x00, 0x00, 0x00, 0x00, 0x00, 0x00, 0x00, 0x00,
  0x00, 0x00, 0x00, 0x00, 0x00, 0x00, 0x00, 0x00, 0x00, 0x00, 0x00, 0x00,
  0x00, 0x00, 0x00, 0x00, 0x00, 0x00, 0x00, 0x00, 0x00, 0x00, 0x00, 0x00,
  0x00, 0x00, 0x00, 0x00, 0x00, 0x00, 0x00, 0x00, 0x00, 0x00, 0x00, 0x00,
  0x00, 0x00, 0x00, 0x00, 0x00, 0x00, 0x00, 0x00, 0x00, 0x00, 0x00, 0x00,
  0x00, 0x00, 0x00, 0x00, 0x00, 0x00, 0x00, 0x00, 0x00, 0x00, 0x00, 0x00,
  0x00, 0x00, 0x00, 0x00, 0x00, 0x00, 0x00, 0x00, 0x00, 0x00, 0x00, 0x00,
  0x0c, 0x00, 0x00, 0x00, 0xad, 0xae, 0x0f, 0x39, 0xc8, 0x81, 0x18, 0x39,
  0x5f, 0x0f, 0x2e, 0x39, 0x25, 0xad, 0xea, 0x38, 0xf7, 0x8e, 0x26, 0x39,
  0xec, 0x86, 0x11, 0x39, 0xe0, 0x3e, 0x1c, 0x39, 0x81, 0x89, 0x21, 0x39,
  0x5e, 0x34, 0x0f, 0x39, 0x72, 0x6f, 0x6e, 0x39, 0x1d, 0x58, 0x1a, 0x39,
  0xd5, 0x50, 0x1a, 0x39, 0x13, 0x00, 0x00, 0x00, 0x74, 0x66, 0x6c, 0x2e,
  0x70, 0x73, 0x65, 0x75, 0x64, 0x6f, 0x5f, 0x71, 0x63, 0x6f, 0x6e, 0x73,
  0x74, 0x31, 0x31, 0x00, 0x01, 0x00, 0x00, 0x00, 0x0c, 0x00, 0x00, 0x00,
  0xca, 0xf4, 0xff, 0xff, 0x00, 0x00, 0x00, 0x01, 0x14, 0x00, 0x00, 0x00,
  0xb8, 0x00, 0x00, 0x00, 0x0d, 0x00, 0x00, 0x00, 0x00, 0x00, 0x00, 0x09,
  0xc4, 0x00, 0x00, 0x00, 0x44, 0xf4, 0xff, 0xff, 0x08, 0x00, 0x00, 0x00,
  0x6c, 0x00, 0x00, 0x00, 0x0c, 0x00, 0x00, 0x00, 0x00, 0x00, 0x00, 0x00,
  0x00, 0x00, 0x00, 0x00, 0x00, 0x00, 0x00, 0x00, 0x00, 0x00, 0x00, 0x00,
  0x00, 0x00, 0x00, 0x00, 0x00, 0x00, 0x00, 0x00, 0x00, 0x00, 0x00, 0x00,
  0x00, 0x00, 0x00, 0x00, 0x00, 0x00, 0x00, 0x00, 0x00, 0x00, 0x00, 0x00,
  0x00, 0x00, 0x00, 0x00, 0x00, 0x00, 0x00, 0x00, 0x00, 0x00, 0x00, 0x00,
  0x00, 0x00, 0x00, 0x00, 0x00, 0x00, 0x00, 0x00, 0x00, 0x00, 0x00, 0x00,
  0x00, 0x00, 0x00, 0x00, 0x00, 0x00, 0x00, 0x00, 0x00, 0x00, 0x00, 0x00,
  0x00, 0x00, 0x00, 0x00, 0x00, 0x00, 0x00, 0x00, 0x00, 0x00, 0x00, 0x00,
  0x00, 0x00, 0x00, 0x00, 0x00, 0x00, 0x00, 0x00, 0x00, 0x00, 0x00, 0x00,
  0x0c, 0x00, 0x00, 0x00, 0x8b, 0xe7, 0x2c, 0x3b, 0x18, 0xe8, 0x40, 0x3b,
  0xa4, 0x6b, 0x57, 0x3b, 0xa9, 0x41, 0x89, 0x3b, 0x07, 0x39, 0x1e, 0x3b,
  0x7a, 0x82, 0x6d, 0x3b, 0xd5, 0x0c, 0x85, 0x3b, 0x81, 0xa5, 0x46, 0x3b,
  0xb4, 0x6c, 0x27, 0x3b, 0x3b, 0xeb, 0x2a, 0x3b, 0xa1, 0x40, 0x44, 0x3b,
  0xe2, 0xca, 0x0e, 0x3b, 0x13, 0x00, 0x00, 0x00, 0x74, 0x66, 0x6c, 0x2e,
  0x70, 0x73, 0x65, 0x75, 0x64, 0x6f, 0x5f, 0x71, 0x63, 0x6f, 0x6e, 0x73,
  0x74, 0x31, 0x30, 0x00, 0x04, 0x00, 0x00, 0x00, 0x0c, 0x00, 0x00, 0x00,
  0x05, 0x00, 0x00, 0x00, 0x05, 0x00, 0x00, 0x00, 0x10, 0x00, 0x00, 0x00,
  0xba, 0xf5, 0xff, 0xff, 0x00, 0x00, 0x00, 0x01, 0x14, 0x00, 0x00, 0x00,
  0x34, 0x00, 0x00, 0x00, 0x0c, 0x00, 0x00, 0x00, 0x00, 0x00, 0x00, 0x09,
  0x40, 0x00, 0x00, 0x00, 0x34, 0xf5, 0xff, 0xff, 0x08, 0x00, 0x00, 0x00,
  0x14, 0x00, 0x00, 0x00, 0x01, 0x00, 0x00, 0x00, 0x80, 0xff, 0xff, 0xff,
  0xff, 0xff, 0xff, 0xff, 0x00, 0x00, 0x00, 0x00, 0x01, 0x00, 0x00, 0x00,
  0x0d, 0x4c, 0x80, 0x3c, 0x12, 0x00, 0x00, 0x00, 0x74, 0x66, 0x6c, 0x2e,
  0x70, 0x73, 0x65, 0x75, 0x64, 0x6f, 0x5f, 0x71, 0x63, 0x6f, 0x6e, 0x73,
  0x74, 0x39, 0x00, 0x00, 0x01, 0x00, 0x00, 0x00, 0x18, 0x00, 0x00, 0x00,
  0x1a, 0xf6, 0xff, 0xff, 0x00, 0x00, 0x00, 0x01, 0x14, 0x00, 0x00, 0x00,
  0x34, 0x00, 0x00, 0x00, 0x0b, 0x00, 0x00, 0x00, 0x00, 0x00, 0x00, 0x09,
  0x40, 0x00, 0x00, 0x00, 0x94, 0xf5, 0xff, 0xff, 0x08, 0x00, 0x00, 0x00,
  0x14, 0x00, 0x00, 0x00, 0x01, 0x00, 0x00, 0x00, 0xbe, 0xff, 0xff, 0xff,
  0xff, 0xff, 0xff, 0xff, 0x00, 0x00, 0x00, 0x00, 0x01, 0x00, 0x00, 0x00,
  0x6e, 0xc4, 0x69, 0x3c, 0x12, 0x00, 0x00, 0x00, 0x74, 0x66, 0x6c, 0x2e,
  0x70, 0x73, 0x65, 0x75, 0x64, 0x6f, 0x5f, 0x71, 0x63, 0x6f, 0x6e, 0x73,
  0x74, 0x38, 0x00, 0x00, 0x01, 0x00, 0x00, 0x00, 0x18, 0x00, 0x00, 0x00,
  0x7a, 0xf6, 0xff, 0xff, 0x00, 0x00, 0x00, 0x01, 0x14, 0x00, 0x00, 0x00,
  0x70, 0x00, 0x00, 0x00, 0x0a, 0x00, 0x00, 0x00, 0x00, 0x00, 0x00, 0x09,
  0x7c, 0x00, 0x00, 0x00, 0xf4, 0xf5, 0xff, 0xff, 0x08, 0x00, 0x00, 0x00,
  0x3c, 0x00, 0x00, 0x00, 0x06, 0x00, 0x00, 0x00, 0x00, 0x00, 0x00, 0x00,
  0x00, 0x00, 0x00, 0x00, 0x00, 0x00, 0x00, 0x00, 0x00, 0x00, 0x00, 0x00,
  0x00, 0x00, 0x00, 0x00, 0x00, 0x00, 0x00, 0x00, 0x00, 0x00, 0x00, 0x00,
  0x00, 0x00, 0x00, 0x00, 0x00, 0x00, 0x00, 0x00, 0x00, 0x00, 0x00, 0x00,
  0x00, 0x00, 0x00, 0x00, 0x00, 0x00, 0x00, 0x00, 0x00, 0x00, 0x00, 0x00,
  0x06, 0x00, 0x00, 0x00, 0xe6, 0x05, 0xf8, 0x3b, 0x33, 0xf0, 0xac, 0x3b,
  0xb4, 0x66, 0x1c, 0x3c, 0xd9, 0x7f, 0x8f, 0x3b, 0x24, 0x6e, 0xe6, 0x3b,
  0xf0, 0x1b, 0xda, 0x3b, 0x12, 0x00, 0x00, 0x00, 0x74, 0x66, 0x6c, 0x2e,
  0x70, 0x73, 0x65, 0x75, 0x64, 0x6f, 0x5f, 0x71, 0x63, 0x6f, 0x6e, 0x73,
  0x74, 0x37, 0x00, 0x00, 0x04, 0x00, 0x00, 0x00, 0x06, 0x00, 0x00, 0x00,
  0x01, 0x00, 0x00, 0x00, 0x01, 0x00, 0x00, 0x00, 0x18, 0x00, 0x00, 0x00,
  0x22, 0xf7, 0xff, 0xff, 0x00, 0x00, 0x00, 0x01, 0x14, 0x00, 0x00, 0x00,
  0x6c, 0x00, 0x00, 0x00, 0x09, 0x00, 0x00, 0x00, 0x00, 0x00, 0x00, 0x02,
  0x78, 0x00, 0x00, 0x00, 0x9c, 0xf6, 0xff, 0xff, 0x08, 0x00, 0x00, 0x00,
  0x38, 0x00, 0x00, 0x00, 0x06, 0x00, 0x00, 0x00, 0x00, 0x00, 0x00, 0x00,
  0x00, 0x00, 0x00, 0x00, 0x00, 0x00, 0x00, 0x00, 0x00, 0x00, 0x00, 0x00,
  0x00, 0x00, 0x00, 0x00, 0x00, 0x00, 0x00, 0x00, 0x00, 0x00, 0x00, 0x00,
  0x00, 0x00, 0x00, 0x00, 0x00, 0x00, 0x00, 0x00, 0x00, 0x00, 0x00, 0x00,
  0x00, 0x00, 0x00, 0x00, 0x00, 0x00, 0x00, 0x00, 0x06, 0x00, 0x00, 0x00,
  0x6d, 0xdc, 0x1f, 0x3a, 0x81, 0xee, 0xde, 0x39, 0x2e, 0x9d, 0x49, 0x3a,
  0x87, 0xfb, 0xb8, 0x39, 0x92, 0x85, 0x14, 0x3a, 0x8e, 0x94, 0x0c, 0x3a,
  0x12, 0x00, 0x00, 0x00, 0x74, 0x66, 0x6c, 0x2e, 0x70, 0x73, 0x65, 0x75,
  0x64, 0x6f, 0x5f, 0x71, 0x63, 0x6f, 0x6e, 0x73, 0x74, 0x36, 0x00, 0x00,
  0x01, 0x00, 0x00, 0x00, 0x06, 0x00, 0x00, 0x00, 0xba, 0xf7, 0xff, 0xff,
  0x00, 0x00, 0x00, 0x01, 0x14, 0x00, 0x00, 0x00, 0x48, 0x01, 0x00, 0x00,
  0x08, 0x00, 0x00, 0x00, 0x00, 0x00, 0x00, 0x09, 0x54, 0x01, 0x00, 0x00,
  0x34, 0xf7, 0xff, 0xff, 0x08, 0x00, 0x00, 0x00, 0xcc, 0x00, 0x00, 0x00,
  0x18, 0x00, 0x00, 0x00, 0x00, 0x00, 0x00, 0x00, 0x00, 0x00, 0x00, 0x00,
  0x00, 0x00, 0x00, 0x00, 0x00, 0x00, 0x00, 0x00, 0x00, 0x00, 0x00, 0x00,
  0x00, 0x00, 0x00, 0x00, 0x00, 0x00, 0x00, 0x00, 0x00, 0x00, 0x00, 0x00,
  0x00, 0x00, 0x00, 0x00, 0x00, 0x00, 0x00, 0x00, 0x00, 0x00, 0x00, 0x00,
  0x00, 0x00, 0x00, 0x00, 0x00, 0x00, 0x00, 0x00, 0x00, 0x00, 0x00, 0x00,
  0x00, 0x00, 0x00, 0x00, 0x00, 0x00, 0x00, 0x00, 0x00, 0x00, 0x00, 0x00,
  0x00, 0x00, 0x00, 0x00, 0x00, 0x00, 0x00, 0x00, 0x00, 0x00, 0x00, 0x00,
  0x00, 0x00, 0x00, 0x00, 0x00, 0x00, 0x00, 0x00, 0x00, 0x00, 0x00, 0x00,
  0x00, 0x00, 0x00, 0x00, 0x00, 0x00, 0x00, 0x00, 0x00, 0x00, 0x00, 0x00,
  0x00, 0x00, 0x00, 0x00, 0x00, 0x00, 0x00, 0x00, 0x00, 0x00, 0x00, 0x00,
  0x00, 0x00, 0x00, 0x00, 0x00, 0x00, 0x00, 0x00, 0x00, 0x00, 0x00, 0x00,
  0x00, 0x00, 0x00, 0x00, 0x00, 0x00, 0x00, 0x00, 0x00, 0x00, 0x00, 0x00,
  0x00, 0x00, 0x00, 0x00, 0x00, 0x00, 0x00, 0x00, 0x00, 0x00, 0x00, 0x00,
  0x00, 0x00, 0x00, 0x00, 0x00, 0x00, 0x00, 0x00, 0x00, 0x00, 0x00, 0x00,
  0x00, 0x00, 0x00, 0x00, 0x00, 0x00, 0x00, 0x00, 0x00, 0x00, 0x00, 0x00,
  0x00, 0x00, 0x00, 0x00, 0x00, 0x00, 0x00, 0x00, 0x00, 0x00, 0x00, 0x00,
  0x00, 0x00, 0x00, 0x00, 0x00, 0x00, 0x00, 0x00, 0x18, 0x00, 0x00, 0x00,
  0x1d, 0x80, 0xf1, 0x3b, 0x23, 0x3f, 0x66, 0x3c, 0x98, 0x2b, 0xd7, 0x3b,
  0xf7, 0x61, 0xb4, 0x3b, 0x8b, 0xd9, 0xae, 0x3b, 0x34, 0xad, 0xc3, 0x3b,
  0xb9, 0x08, 0xe0, 0x3b, 0x5c, 0xe0, 0x23, 0x3c, 0xfb, 0x15, 0x1f, 0x3c,
  0x5e, 0x27, 0xdd, 0x3b, 0x08, 0x95, 0xf3, 0x3b, 0x0a, 0x23, 0x01, 0x3c,
  0xec, 0xe4, 0x14, 0x3c, 0x2c, 0x4e, 0x12, 0x3c, 0x82, 0x4a, 0x7e, 0x3b,
  0xec, 0xf4, 0x8c, 0x3b, 0xa4, 0x80, 0xb2, 0x3b, 0x38, 0x7b, 0x1f, 0x3c,
  0x04, 0xd3, 0x3d, 0x3c, 0x06, 0xb2, 0x1c, 0x3c, 0x73, 0x59, 0x09, 0x3c,
  0x9e, 0x9c, 0x23, 0x3c, 0xe3, 0x25, 0x02, 0x3c, 0x1a, 0xeb, 0xce, 0x3b,
  0x12, 0x00, 0x00, 0x00, 0x74, 0x66, 0x6c, 0x2e, 0x70, 0x73, 0x65, 0x75,
  0x64, 0x6f, 0x5f, 0x71, 0x63, 0x6f, 0x6e, 0x73, 0x74, 0x35, 0x00, 0x00,
  0x04, 0x00, 0x00, 0x00, 0x18, 0x00, 0x00, 0x00, 0x01, 0x00, 0x00, 0x00,
  0x01, 0x00, 0x00, 0x00, 0x06, 0x00, 0x00, 0x00, 0x3a, 0xf9, 0xff, 0xff,
  0x00, 0x00, 0x00, 0x01, 0x14, 0x00, 0x00, 0x00, 0x44, 0x01, 0x00, 0x00,
  0x07, 0x00, 0x00, 0x00, 0x00, 0x00, 0x00, 0x02, 0x50, 0x01, 0x00, 0x00,
  0xb4, 0xf8, 0xff, 0xff, 0x08, 0x00, 0x00, 0x00, 0xc8, 0x00, 0x00, 0x00,
  0x18, 0x00, 0x00, 0x00, 0x00, 0x00, 0x00, 0x00, 0x00, 0x00, 0x00, 0x00,
  0x00, 0x00, 0x00, 0x00, 0x00, 0x00, 0x00, 0x00, 0x00, 0x00, 0x00, 0x00,
  0x00, 0x00, 0x00, 0x00, 0x00, 0x00, 0x00, 0x00, 0x00, 0x00, 0x00, 0x00,
  0x00, 0x00, 0x00, 0x00, 0x00, 0x00, 0x00, 0x00, 0x00, 0x00, 0x00, 0x00,
  0x00, 0x00, 0x00, 0x00, 0x00, 0x00, 0x00, 0x00, 0x00, 0x00, 0x00, 0x00,
  0x00, 0x00, 0x00, 0x00, 0x00, 0x00, 0x00, 0x00, 0x00, 0x00, 0x00, 0x00,
  0x00, 0x00, 0x00, 0x00, 0x00, 0x00, 0x00, 0x00, 0x00, 0x00, 0x00, 0x00,
  0x00, 0x00, 0x00, 0x00, 0x00, 0x00, 0x00, 0x00, 0x00, 0x00, 0x00, 0x00,
  0x00, 0x00, 0x00, 0x00, 0x00, 0x00, 0x00, 0x00, 0x00, 0x00, 0x00, 0x00,
  0x00, 0x00, 0x00, 0x00, 0x00, 0x00, 0x00, 0x00, 0x00, 0x00, 0x00, 0x00,
  0x00, 0x00, 0x00, 0x00, 0x00, 0x00, 0x00, 0x00, 0x00, 0x00, 0x00, 0x00,
  0x00, 0x00, 0x00, 0x00, 0x00, 0x00, 0x00, 0x00, 0x00, 0x00, 0x00, 0x00,
  0x00, 0x00, 0x00, 0x00, 0x00, 0x00, 0x00, 0x00, 0x00, 0x00, 0x00, 0x00,
  0x00, 0x00, 0x00, 0x00, 0x00, 0x00, 0x00, 0x00, 0x00, 0x00, 0x00, 0x00,
  0x00, 0x00, 0x00, 0x00, 0x00, 0x00, 0x00, 0x00, 0x00, 0x00, 0x00, 0x00,
  0x00, 0x00, 0x00, 0x00, 0x00, 0x00, 0x00, 0x00, 0x00, 0x00, 0x00, 0x00,
  0x00, 0x00, 0x00, 0x00, 0x18, 0x00, 0x00, 0x00, 0x18, 0x2f, 0xc2, 0x39,
  0x94, 0x22, 0x39, 0x3a, 0x3a, 0x03, 0xad, 0x39, 0x73, 0x0a, 0x91, 0x39,
  0x8b, 0x97, 0x8c, 0x39, 0x97, 0x56, 0x9d, 0x39, 0xc5, 0x23, 0xb4, 0x39,
  0xc2, 0xc4, 0x03, 0x3a, 0x51, 0xd5, 0xff, 0x39, 0xe2, 0xd2, 0xb1, 0x39,
  0x9a, 0xdb, 0xc3, 0x39, 0xc2, 0xab, 0xcf, 0x39, 0x92, 0x71, 0xef, 0x39,
  0xc5, 0x47, 0xeb, 0x39, 0xf2, 0x77, 0x4c, 0x39, 0xd1, 0xad, 0x62, 0x39,
  0x6e, 0x87, 0x8f, 0x39, 0x10, 0x3c, 0x00, 0x3a, 0xf0, 0xa1, 0x18, 0x3a,
  0x33, 0xfd, 0xfb, 0x39, 0xbd, 0xe0, 0xdc, 0x39, 0x49, 0x8e, 0x03, 0x3a,
  0x05, 0x4c, 0xd1, 0x39, 0xa1, 0x60, 0xa6, 0x39, 0x12, 0x00, 0x00, 0x00,
  0x74, 0x66, 0x6c, 0x2e, 0x70, 0x73, 0x65, 0x75, 0x64, 0x6f, 0x5f, 0x71,
  0x63, 0x6f, 0x6e, 0x73, 0x74, 0x34, 0x00, 0x00, 0x01, 0x00, 0x00, 0x00,
  0x18, 0x00, 0x00, 0x00, 0xaa, 0xfa, 0xff, 0xff, 0x00, 0x00, 0x00, 0x01,
  0x14, 0x00, 0x00, 0x00, 0xa8, 0x01, 0x00, 0x00, 0x06, 0x00, 0x00, 0x00,
  0x00, 0x00, 0x00, 0x09, 0xb4, 0x01, 0x00, 0x00, 0x24, 0xfa, 0xff, 0xff,
  0x08, 0x00, 0x00, 0x00, 0x0c, 0x01, 0x00, 0x00, 0x20, 0x00, 0x00, 0x00,
  0x00, 0x00, 0x00, 0x00, 0x00, 0x00, 0x00, 0x00, 0x00, 0x00, 0x00, 0x00,
  0x00, 0x00, 0x00, 0x00, 0x00, 0x00, 0x00, 0x00, 0x00, 0x00, 0x00, 0x00,
  0x00, 0x00, 0x00, 0x00, 0x00, 0x00, 0x00, 0x00, 0x00, 0x00, 0x00, 0x00,
  0x00, 0x00, 0x00, 0x00, 0x00, 0x00, 0x00, 0x00, 0x00, 0x00, 0x00, 0x00,
  0x00, 0x00, 0x00, 0x00, 0x00, 0x00, 0x00, 0x00, 0x00, 0x00, 0x00, 0x00,
  0x00, 0x00, 0x00, 0x00, 0x00, 0x00, 0x00, 0x00, 0x00, 0x00, 0x00, 0x00,
  0x00, 0x00, 0x00, 0x00, 0x00, 0x00, 0x00, 0x00, 0x00, 0x00, 0x00, 0x00,
  0x00, 0x00, 0x00, 0x00, 0x00, 0x00, 0x00, 0x00, 0x00, 0x00, 0x00, 0x00,
  0x00, 0x00, 0x00, 0x00, 0x00, 0x00, 0x00, 0x00, 0x00, 0x00, 0x00, 0x00,
  0x00, 0x00, 0x00, 0x00, 0x00, 0x00, 0x00, 0x00, 0x00, 0x00, 0x00, 0x00,
  0x00, 0x00, 0x00, 0x00, 0x00, 0x00, 0x00, 0x00, 0x00, 0x00, 0x00, 0x00,
  0x00, 0x00, 0x00, 0x00, 0x00, 0x00, 0x00, 0x00, 0x00, 0x00, 0x00, 0x00,
  0x00, 0x00, 0x00, 0x00, 0x00, 0x00, 0x00, 0x00, 0x00, 0x00, 0x00, 0x00,
  0x00, 0x00, 0x00, 0x00, 0x00, 0x00, 0x00, 0x00, 0x00, 0x00, 0x00, 0x00,
  0x00, 0x00, 0x00, 0x00, 0x00, 0x00, 0x00, 0x00, 0x00, 0x00, 0x00, 0x00,
  0x00, 0x00, 0x00, 0x00, 0x00, 0x00, 0x00, 0x00, 0x00, 0x00, 0x00, 0x00,
  0x00, 0x00, 0x00, 0x00, 0x00, 0x00, 0x00, 0x00, 0x00, 0x00, 0x00, 0x00,
  0x00, 0x00, 0x00, 0x00, 0x00, 0x00, 0x00, 0x00, 0x00, 0x00, 0x00, 0x00,
  0x00, 0x00, 0x00, 0x00, 0x00, 0x00, 0x00, 0x00, 0x00, 0x00, 0x00, 0x00,
  0x00, 0x00, 0x00, 0x00, 0x00, 0x00, 0x00, 0x00, 0x00, 0x00, 0x00, 0x00,
  0x00, 0x00, 0x00, 0x00, 0x00, 0x00, 0x00, 0x00, 0x00, 0x00, 0x00, 0x00,
  0x00, 0x00, 0x00, 0x00, 0x00, 0x00, 0x00, 0x00, 0x20, 0x00, 0x00, 0x00,
  0x08, 0x06, 0xe4, 0x3b, 0xa7, 0x08, 0xe4, 0x3b, 0xe6, 0x8a, 0xe2, 0x3b,
  0x81, 0x92, 0xcf, 0x3b, 0x31, 0x1f, 0xb7, 0x3b, 0x67, 0xfc, 0xde, 0x3b,
  0x0e, 0xb8, 0xd9, 0x3b, 0xdb, 0x77, 0xc9, 0x3b, 0x6c, 0xf1, 0xd9, 0x3b,
  0x86, 0xf1, 0xc9, 0x3b, 0x4c, 0xf6, 0x72, 0x3b, 0x31, 0xe2, 0x0c, 0x3b,
  0x81, 0x3e, 0xde, 0x3b, 0x1f, 0x4f, 0x04, 0x3c, 0xad, 0x12, 0x43, 0x3b,
  0x5a, 0x2c, 0xdb, 0x3b, 0x3c, 0xb5, 0x27, 0x3b, 0x3d, 0x78, 0xd2, 0x3b,
  0xcc, 0x5b, 0xd1, 0x3b, 0xb3, 0x1b, 0xd3, 0x3b, 0xda, 0x32, 0xb3, 0x3b,
  0x4a, 0x4f, 0xf6, 0x3b, 0xb9, 0x00, 0x04, 0x3c, 0xda, 0x12, 0x00, 0x3c,
  0x24, 0x40, 0x3e, 0x3b, 0x66, 0x12, 0xfa, 0x3b, 0xd3, 0x46, 0xa9, 0x3b,
  0xb9, 0x36, 0x93, 0x3b, 0x73, 0x9b, 0xef, 0x3b, 0xfc, 0xd5, 0xc1, 0x3b,
  0x91, 0xc9, 0xd9, 0x3b, 0x7b, 0x06, 0xe3, 0x3b, 0x12, 0x00, 0x00, 0x00,
  0x74, 0x66, 0x6c, 0x2e, 0x70, 0x73, 0x65, 0x75, 0x64, 0x6f, 0x5f, 0x71,
  0x63, 0x6f, 0x6e, 0x73, 0x74, 0x33, 0x00, 0x00, 0x02, 0x00, 0x00, 0x00,
  0x20, 0x00, 0x00, 0x00, 0x18, 0x00, 0x00, 0x00, 0x82, 0xfc, 0xff, 0xff,
  0x00, 0x00, 0x00, 0x01, 0x14, 0x00, 0x00, 0x00, 0xa4, 0x01, 0x00, 0x00,
  0x05, 0x00, 0x00, 0x00, 0x00, 0x00, 0x00, 0x02, 0xb0, 0x01, 0x00, 0x00,
  0xfc, 0xfb, 0xff, 0xff, 0x08, 0x00, 0x00, 0x00, 0x08, 0x01, 0x00, 0x00,
  0x20, 0x00, 0x00, 0x00, 0x00, 0x00, 0x00, 0x00, 0x00, 0x00, 0x00, 0x00,
  0x00, 0x00, 0x00, 0x00, 0x00, 0x00, 0x00, 0x00, 0x00, 0x00, 0x00, 0x00,
  0x00, 0x00, 0x00, 0x00, 0x00, 0x00, 0x00, 0x00, 0x00, 0x00, 0x00, 0x00,
  0x00, 0x00, 0x00, 0x00, 0x00, 0x00, 0x00, 0x00, 0x00, 0x00, 0x00, 0x00,
  0x00, 0x00, 0x00, 0x00, 0x00, 0x00, 0x00, 0x00, 0x00, 0x00, 0x00, 0x00,
  0x00, 0x00, 0x00, 0x00, 0x00, 0x00, 0x00, 0x00, 0x00, 0x00, 0x00, 0x00,
  0x00, 0x00, 0x00, 0x00, 0x00, 0x00, 0x00, 0x00, 0x00, 0x00, 0x00, 0x00,
  0x00, 0x00, 0x00, 0x00, 0x00, 0x00, 0x00, 0x00, 0x00, 0x00, 0x00, 0x00,
  0x00, 0x00, 0x00, 0x00, 0x00, 0x00, 0x00, 0x00, 0x00, 0x00, 0x00, 0x00,
  0x00, 0x00, 0x00, 0x00, 0x00, 0x00, 0x00, 0x00, 0x00, 0x00, 0x00, 0x00,
  0x00, 0x00, 0x00, 0x00, 0x00, 0x00, 0x00, 0x00, 0x00, 0x00, 0x00, 0x00,
  0x00, 0x00, 0x00, 0x00, 0x00, 0x00, 0x00, 0x00, 0x00, 0x00, 0x00, 0x00,
  0x00, 0x00, 0x00, 0x00, 0x00, 0x00, 0x00, 0x00, 0x00, 0x00, 0x00, 0x00,
  0x00, 0x00, 0x00, 0x00, 0x00, 0x00, 0x00, 0x00, 0x00, 0x00, 0x00, 0x00,
  0x00, 0x00, 0x00, 0x00, 0x00, 0x00, 0x00, 0x00, 0x00, 0x00, 0x00, 0x00,
  0x00, 0x00, 0x00, 0x00, 0x00, 0x00, 0x00, 0x00, 0x00, 0x00, 0x00, 0x00,
  0x00, 0x00, 0x00, 0x00, 0x00, 0x00, 0x00, 0x00, 0x00, 0x00, 0x00, 0x00,
  0x00, 0x00, 0x00, 0x00, 0x00, 0x00, 0x00, 0x00, 0x00, 0x00, 0x00, 0x00,
  0x00, 0x00, 0x00, 0x00, 0x00, 0x00, 0x00, 0x00, 0x00, 0x00, 0x00, 0x00,
  0x00, 0x00, 0x00, 0x00, 0x00, 0x00, 0x00, 0x00, 0x00, 0x00, 0x00, 0x00,
  0x00, 0x00, 0x00, 0x00, 0x00, 0x00, 0x00, 0x00, 0x00, 0x00, 0x00, 0x00,
  0x00, 0x00, 0x00, 0x00, 0x00, 0x00, 0x00, 0x00, 0x20, 0x00, 0x00, 0x00,
  0x15, 0xd8, 0xb9, 0x38, 0x38, 0xda, 0xb9, 0x38, 0x14, 0xa3, 0xb8, 0x38,
  0x04, 0x2d, 0xa9, 0x38, 0x8b, 0x3f, 0x95, 0x38, 0x02, 0xbd, 0xb5, 0x38,
  0x13, 0x72, 0xb1, 0x38, 0x6c, 0x33, 0xa4, 0x38, 0xd4, 0xa0, 0xb1, 0x38,
  0x96, 0x96, 0xa4, 0x38, 0xf0, 0x04, 0x46, 0x38, 0x6e, 0xa5, 0xe5, 0x37,
  0x3c, 0x22, 0xb5, 0x38, 0x5f, 0xab, 0xd7, 0x38, 0x16, 0xfd, 0x1e, 0x38,
  0x81, 0xa1, 0xb2, 0x38, 0x81, 0xaf, 0x08, 0x38, 0x8b, 0x89, 0xab, 0x38,
  0xb8, 0xa1, 0xaa, 0x38, 0xc5, 0x0e, 0xac, 0x38, 0xfc, 0x0c, 0x92, 0x38,
  0x68, 0xbf, 0xc8, 0x38, 0x94, 0x2b, 0xd7, 0x38, 0xf8, 0xc3, 0xd0, 0x38,
  0xea, 0x0e, 0x1b, 0x38, 0x5c, 0xd0, 0xcb, 0x38, 0xce, 0xf6, 0x89, 0x38,
  0xf7, 0xf6, 0x6f, 0x38, 0xf6, 0x48, 0xc3, 0x38, 0xfa, 0xfa, 0x9d, 0x38,
  0x59, 0x80, 0xb1, 0x38, 0xcd, 0x07, 0xb9, 0x38, 0x12, 0x00, 0x00, 0x00,
  0x74, 0x66, 0x6c, 0x2e, 0x70, 0x73, 0x65, 0x75, 0x64, 0x6f, 0x5f, 0x71,
  0x63, 0x6f, 0x6e, 0x73, 0x74, 0x32, 0x00, 0x00, 0x01, 0x00, 0x00, 0x00,
  0x20, 0x00, 0x00, 0x00, 0x52, 0xfe, 0xff, 0xff, 0x00, 0x00, 0x00, 0x01,
  0x14, 0x00, 0x00, 0x00, 0xa8, 0x00, 0x00, 0x00, 0x04, 0x00, 0x00, 0x00,
  0x00, 0x00, 0x00, 0x09, 0xb4, 0x00, 0x00, 0x00, 0xcc, 0xfd, 0xff, 0xff,
  0x08, 0x00, 0x00, 0x00, 0x60, 0x00, 0x00, 0x00, 0x0b, 0x00, 0x00, 0x00,
  0x00, 0x00, 0x00, 0x00, 0x00, 0x00, 0x00, 0x00, 0x00, 0x00, 0x00, 0x00,
  0x00, 0x00, 0x00, 0x00, 0x00, 0x00, 0x00, 0x00, 0x00, 0x00, 0x00, 0x00,
  0x00, 0x00, 0x00, 0x00, 0x00, 0x00, 0x00, 0x00, 0x00, 0x00, 0x00, 0x00,
  0x00, 0x00, 0x00, 0x00, 0x00, 0x00, 0x00, 0x00, 0x00, 0x00, 0x00, 0x00,
  0x00, 0x00, 0x00, 0x00, 0x00, 0x00, 0x00, 0x00, 0x00, 0x00, 0x00, 0x00,
  0x00, 0x00, 0x00, 0x00, 0x00, 0x00, 0x00, 0x00, 0x00, 0x00, 0x00, 0x00,
  0x00, 0x00, 0x00, 0x00, 0x00, 0x00, 0x00, 0x00, 0x00, 0x00, 0x00, 0x00,
  0x00, 0x00, 0x00, 0x00, 0x0b, 0x00, 0x00, 0x00, 0x0e, 0x57, 0x48, 0x3c,
  0xbb, 0xfe, 0x46, 0x3c, 0xff, 0xb3, 0x6c, 0x3c, 0x76, 0x59, 0x53, 0x3c,
  0x3f, 0xbc, 0x56, 0x3c, 0x8c, 0x67, 0x5c, 0x3c, 0x59, 0x76, 0x7d, 0x3c,
  0xe3, 0x1e, 0x7e, 0x3c, 0x94, 0xf9, 0x4d, 0x3c, 0x54, 0x26, 0x39, 0x3c,
  0x70, 0x3f, 0x4e, 0x3c, 0x12, 0x00, 0x00, 0x00, 0x74, 0x66, 0x6c, 0x2e,
  0x70, 0x73, 0x65, 0x75, 0x64, 0x6f, 0x5f, 0x71, 0x63, 0x6f, 0x6e, 0x73,
  0x74, 0x31, 0x00, 0x00, 0x02, 0x00, 0x00, 0x00, 0x0b, 0x00, 0x00, 0x00,
  0x20, 0x00, 0x00, 0x00, 0x2a, 0xff, 0xff, 0xff, 0x00, 0x00, 0x00, 0x01,
  0x14, 0x00, 0x00, 0x00, 0xa8, 0x00, 0x00, 0x00, 0x03, 0x00, 0x00, 0x00,
  0x00, 0x00, 0x00, 0x02, 0xb4, 0x00, 0x00, 0x00, 0xa4, 0xfe, 0xff, 0xff,
  0x08, 0x00, 0x00, 0x00, 0x60, 0x00, 0x00, 0x00, 0x0b, 0x00, 0x00, 0x00,
  0x00, 0x00, 0x00, 0x00, 0x00, 0x00, 0x00, 0x00, 0x00, 0x00, 0x00, 0x00,
  0x00, 0x00, 0x00, 0x00, 0x00, 0x00, 0x00, 0x00, 0x00, 0x00, 0x00, 0x00,
  0x00, 0x00, 0x00, 0x00, 0x00, 0x00, 0x00, 0x00, 0x00, 0x00, 0x00, 0x00,
  0x00, 0x00, 0x00, 0x00, 0x00, 0x00, 0x00, 0x00, 0x00, 0x00, 0x00, 0x00,
  0x00, 0x00, 0x00, 0x00, 0x00, 0x00, 0x00, 0x00, 0x00, 0x00, 0x00, 0x00,
  0x00, 0x00, 0x00, 0x00, 0x00, 0x00, 0x00, 0x00, 0x00, 0x00, 0x00, 0x00,
  0x00, 0x00, 0x00, 0x00, 0x00, 0x00, 0x00, 0x00, 0x00, 0x00, 0x00, 0x00,
  0x00, 0x00, 0x00, 0x00, 0x0b, 0x00, 0x00, 0x00, 0x7e, 0xd9, 0x9b, 0x39,
  0xa2, 0xcd, 0x9a, 0x39, 0x27, 0x23, 0xb8, 0x39, 0x00, 0x6a, 0xa4, 0x39,
  0x4c, 0x0c, 0xa7, 0x39, 0x4c, 0x75, 0xab, 0x39, 0xb9, 0x2c, 0xc5, 0x39,
  0xd6, 0xaf, 0xc5, 0x39, 0xab, 0x3b, 0xa0, 0x39, 0x5b, 0x08, 0x90, 0x39,
  0x03, 0x72, 0xa0, 0x39, 0x11, 0x00, 0x00, 0x00, 0x74, 0x66, 0x6c, 0x2e,
  0x70, 0x73, 0x65, 0x75, 0x64, 0x6f, 0x5f, 0x71, 0x63, 0x6f, 0x6e, 0x73,
  0x74, 0x00, 0x00, 0x00, 0x01, 0x00, 0x00, 0x00, 0x0b, 0x00, 0x00, 0x00,
  0x00, 0x00, 0x16, 0x00, 0x1c, 0x00, 0x18, 0x00, 0x17, 0x00, 0x10, 0x00,
  0x0c, 0x00, 0x08, 0x00, 0x00, 0x00, 0x00, 0x00, 0x00, 0x00, 0x07, 0x00,
  0x16, 0x00, 0x00, 0x00, 0x00, 0x00, 0x00, 0x01, 0x18, 0x00, 0x00, 0x00,
  0x18, 0x00, 0x00, 0x00, 0x02, 0x00, 0x00, 0x00, 0x00, 0x00, 0x00, 0x02,
  0x20, 0x00, 0x00, 0x00, 0x04, 0x00, 0x04, 0x00, 0x04, 0x00, 0x00, 0x00,
  0x0e, 0x00, 0x00, 0x00, 0x61, 0x72, 0x69, 0x74, 0x68, 0x2e, 0x63, 0x6f,
  0x6e, 0x73, 0x74, 0x61, 0x6e, 0x74, 0x00, 0x00, 0x01, 0x00, 0x00, 0x00,
  0x02, 0x00, 0x00, 0x00, 0x00, 0x00, 0x16, 0x00, 0x20, 0x00, 0x1c, 0x00,
  0x1b, 0x00, 0x14, 0x00, 0x10, 0x00, 0x0c, 0x00, 0x00, 0x00, 0x00, 0x00,
  0x08, 0x00, 0x07, 0x00, 0x16, 0x00, 0x00, 0x00, 0x00, 0x00, 0x00, 0x01,
  0x18, 0x00, 0x00, 0x00, 0x34, 0x00, 0x00, 0x00, 0x54, 0x00, 0x00, 0x00,
  0x01, 0x00, 0x00, 0x00, 0x00, 0x00, 0x00, 0x09, 0x6c, 0x00, 0x00, 0x00,
  0x04, 0x00, 0x00, 0x00, 0xff, 0xff, 0xff, 0xff, 0x20, 0x00, 0x00, 0x00,
  0x20, 0x00, 0x00, 0x00, 0x03, 0x00, 0x00, 0x00, 0x0c, 0x00, 0x0c, 0x00,
  0x00, 0x00, 0x00, 0x00, 0x08, 0x00, 0x04, 0x00, 0x0c, 0x00, 0x00, 0x00,
  0x08, 0x00, 0x00, 0x00, 0x14, 0x00, 0x00, 0x00, 0x01, 0x00, 0x00, 0x00,
  0x80, 0xff, 0xff, 0xff, 0xff, 0xff, 0xff, 0xff, 0x00, 0x00, 0x00, 0x00,
  0x01, 0x00, 0x00, 0x00, 0x00, 0x00, 0x80, 0x3f, 0x1f, 0x00, 0x00, 0x00,
  0x73, 0x65, 0x72, 0x76, 0x69, 0x6e, 0x67, 0x5f, 0x64, 0x65, 0x66, 0x61,
  0x75, 0x6c, 0x74, 0x5f, 0x69, 0x6e, 0x70, 0x75, 0x74, 0x5f, 0x6c, 0x61,
  0x79, 0x65, 0x72, 0x5f, 0x37, 0x3a, 0x30, 0x00, 0x04, 0x00, 0x00, 0x00,
  0x01, 0x00, 0x00, 0x00, 0x20, 0x00, 0x00, 0x00, 0x20, 0x00, 0x00, 0x00,
  0x03, 0x00, 0x00, 0x00, 0x0a, 0x00, 0x00, 0x00, 0xd0, 0x00, 0x00, 0x00,
  0xb0, 0x00, 0x00, 0x00, 0x9c, 0x00, 0x00, 0x00, 0x90, 0x00, 0x00, 0x00,
  0x74, 0x00, 0x00, 0x00, 0x54, 0x00, 0x00, 0x00, 0x40, 0x00, 0x00, 0x00,
  0x2c, 0x00, 0x00, 0x00, 0x18, 0x00, 0x00, 0x00, 0x04, 0x00, 0x00, 0x00,
  0x64, 0xff, 0xff, 0xff, 0x19, 0x00, 0x00, 0x00, 0x02, 0x00, 0x00, 0x00,
  0x00, 0x00, 0x00, 0x19, 0x74, 0xff, 0xff, 0xff, 0x09, 0x00, 0x00, 0x00,
  0x04, 0x00, 0x00, 0x00, 0x00, 0x00, 0x00, 0x09, 0x84, 0xff, 0xff, 0xff,
  0x28, 0x00, 0x00, 0x00, 0x02, 0x00, 0x00, 0x00, 0x00, 0x00, 0x00, 0x28,
  0x94, 0xff, 0xff, 0xff, 0x0e, 0x00, 0x00, 0x00, 0x02, 0x00, 0x00, 0x00,
  0x00, 0x00, 0x00, 0x0e, 0xa4, 0xff, 0xff, 0xff, 0x01, 0x00, 0x00, 0x00,
  0x02, 0x00, 0x00, 0x00, 0x00, 0x00, 0x00, 0x01, 0x0c, 0x00, 0x0e, 0x00,
  0x0d, 0x00, 0x00, 0x00, 0x08, 0x00, 0x04, 0x00, 0x0c, 0x00, 0x00, 0x00,
  0x11, 0x00, 0x00, 0x00, 0x02, 0x00, 0x00, 0x00, 0x00, 0x11, 0x0a, 0x00,
  0x08, 0x00, 0x00, 0x00, 0x00, 0x00, 0x04, 0x00, 0x0a, 0x00, 0x00, 0x00,
  0x02, 0x00, 0x00, 0x00, 0xe0, 0xff, 0xff, 0xff, 0x12, 0x00, 0x00, 0x00,
  0x02, 0x00, 0x00, 0x00, 0x00, 0x00, 0x00, 0x12, 0xf0, 0xff, 0xff, 0xff,
  0x02, 0x00, 0x00, 0x00, 0x02, 0x00, 0x00, 0x00, 0x00, 0x00, 0x00, 0x02,
  0x0c, 0x00, 0x10, 0x00, 0x0f, 0x00, 0x00, 0x00, 0x08, 0x00, 0x04, 0x00,
  0x0c, 0x00, 0x00, 0x00, 0x03, 0x00, 0x00, 0x00, 0x03, 0x00, 0x00, 0x00,
  0x00, 0x00, 0x00, 0x03,
};
unsigned int g_magic_wand_model_data_len = 20584;